customer_id,region,segment
C00001,South,Business
C00002,East,Consumer
C00003,West,Business
C00004,North,Consumer
C00005,South,Business
C00006,East,Consumer
C00007,West,Business
C00008,North,Consumer
C00009,South,Business
C00010,East,Consumer
C00011,West,Business
C00012,North,Consumer
C00013,South,Business
C00014,East,Consumer
C00015,West,Business
C00016,North,Consumer
C00017,South,Business
C00018,East,Consumer
C00019,West,Business
C00020,North,Consumer
C00021,South,Business
C00022,East,Consumer
C00023,West,Business
C00024,North,Consumer
C00025,South,Business
C00026,East,Consumer
C00027,West,Business
C00028,North,Consumer
C00029,South,Business
C00030,East,Consumer
C00031,West,Business
C00032,North,Consumer
C00033,South,Business
C00034,East,Consumer
C00035,West,Business
C00036,North,Consumer
C00037,South,Business
C00038,East,Consumer
C00039,West,Business
C00040,North,Consumer
C00041,South,Business
C00042,East,Consumer
C00043,West,Business
C00044,North,Consumer
C00045,South,Business
C00046,East,Consumer
C00047,West,Business
C00048,North,Consumer
C00049,South,Business
C00050,East,Consumer
C00051,West,Business
C00052,North,Consumer
C00053,South,Business
C00054,East,Consumer
C00055,West,Business
C00056,North,Consumer
C00057,South,Business
C00058,East,Consumer
C00059,West,Business
C00060,North,Consumer
C00061,South,Business
C00062,East,Consumer
C00063,West,Business
C00064,North,Consumer
C00065,South,Business
C00066,East,Consumer
C00067,West,Business
C00068,North,Consumer
C00069,South,Business
C00070,East,Consumer
C00071,West,Business
C00072,North,Consumer
C00073,South,Business
C00074,East,Consumer
C00075,West,Business
C00076,North,Consumer
C00077,South,Business
C00078,East,Consumer
C00079,West,Business
C00080,North,Consumer
C00081,South,Business
C00082,East,Consumer
C00083,West,Business
C00084,North,Consumer
C00085,South,Business
C00086,East,Consumer
C00087,West,Business
C00088,North,Consumer
C00089,South,Business
C00090,East,Consumer
C00091,West,Business
C00092,North,Consumer
C00093,South,Business
C00094,East,Consumer
C00095,West,Business
C00096,North,Consumer
C00097,South,Business
C00098,East,Consumer
C00099,West,Business
C00100,North,Consumer
C00101,South,Business
C00102,East,Consumer
C00103,West,Business
C00104,North,Consumer
C00105,South,Business
C00106,East,Consumer
C00107,West,Business
C00108,North,Consumer
C00109,South,Business
C00110,East,Consumer
C00111,West,Business
C00112,North,Consumer
C00113,South,Business
C00114,East,Consumer
C00115,West,Business
C00116,North,Consumer
C00117,South,Business
C00118,East,Consumer
C00119,West,Business
C00120,North,Consumer
C00121,South,Business
C00122,East,Consumer
C00123,West,Business
C00124,North,Consumer
C00125,South,Business
C00126,East,Consumer
C00127,West,Business
C00128,North,Consumer
C00129,South,Business
C00130,East,Consumer
C00131,West,Business
C00132,North,Consumer
C00133,South,Business
C00134,East,Consumer
C00135,West,Business
C00136,North,Consumer
C00137,South,Business
C00138,East,Consumer
C00139,West,Business
C00140,North,Consumer
C00141,South,Business
C00142,East,Consumer
C00143,West,Business
C00144,North,Consumer
C00145,South,Business
C00146,East,Consumer
C00147,West,Business
C00148,North,Consumer
C00149,South,Business
C00150,East,Consumer
C00151,West,Business
C00152,North,Consumer
C00153,South,Business
C00154,East,Consumer
C00155,West,Business
C00156,North,Consumer
C00157,South,Business
C00158,East,Consumer
C00159,West,Business
C00160,North,Consumer
C00161,South,Business
C00162,East,Consumer
C00163,West,Business
C00164,North,Consumer
C00165,South,Business
C00166,East,Consumer
C00167,West,Business
C00168,North,Consumer
C00169,South,Business
C00170,East,Consumer
C00171,West,Business
C00172,North,Consumer
C00173,South,Business
C00174,East,Consumer
C00175,West,Business
C00176,North,Consumer
C00177,South,Business
C00178,East,Consumer
C00179,West,Business
C00180,North,Consumer
C00181,South,Business
C00182,East,Consumer
C00183,West,Business
C00184,North,Consumer
C00185,South,Business
C00186,East,Consumer
C00187,West,Business
C00188,North,Consumer
C00189,South,Business
C00190,East,Consumer
C00191,West,Business
C00192,North,Consumer
C00193,South,Business
C00194,East,Consumer
C00195,West,Business
C00196,North,Consumer
C00197,South,Business
C00198,East,Consumer
C00199,West,Business
C00200,North,Consumer
C00201,South,Business
C00202,East,Consumer
C00203,West,Business
C00204,North,Consumer
C00205,South,Business
C00206,East,Consumer
C00207,West,Business
C00208,North,Consumer
C00209,South,Business
C00210,East,Consumer
C00211,West,Business
C00212,North,Consumer
C00213,South,Business
C00214,East,Consumer
C00215,West,Business
C00216,North,Consumer
C00217,South,Business
C00218,East,Consumer
C00219,West,Business
C00220,North,Consumer
C00221,South,Business
C00222,East,Consumer
C00223,West,Business
C00224,North,Consumer
C00225,South,Business
C00226,East,Consumer
C00227,West,Business
C00228,North,Consumer
C00229,South,Business
C00230,East,Consumer
C00231,West,Business
C00232,North,Consumer
C00233,South,Business
C00234,East,Consumer
C00235,West,Business
C00236,North,Consumer
C00237,South,Business
C00238,East,Consumer
C00239,West,Business
C00240,North,Consumer
C00241,South,Business
C00242,East,Consumer
C00243,West,Business
C00244,North,Consumer
C00245,South,Business
C00246,East,Consumer
C00247,West,Business
C00248,North,Consumer
C00249,South,Business
C00250,East,Consumer
C00251,West,Business
C00252,North,Consumer
C00253,South,Business
C00254,East,Consumer
C00255,West,Business
C00256,North,Consumer
C00257,South,Business
C00258,East,Consumer
C00259,West,Business
C00260,North,Consumer
C00261,South,Business
C00262,East,Consumer
C00263,West,Business
C00264,North,Consumer
C00265,South,Business
C00266,East,Consumer
C00267,West,Business
C00268,North,Consumer
C00269,South,Business
C00270,East,Consumer
C00271,West,Business
C00272,North,Consumer
C00273,South,Business
C00274,East,Consumer
C00275,West,Business
C00276,North,Consumer
C00277,South,Business
C00278,East,Consumer
C00279,West,Business
C00280,North,Consumer
C00281,South,Business
C00282,East,Consumer
C00283,West,Business
C00284,North,Consumer
C00285,South,Business
C00286,East,Consumer
C00287,West,Business
C00288,North,Consumer
C00289,South,Business
C00290,East,Consumer
C00291,West,Business
C00292,North,Consumer
C00293,South,Business
C00294,East,Consumer
C00295,West,Business
C00296,North,Consumer
C00297,South,Business
C00298,East,Consumer
C00299,West,Business
C00300,North,Consumer
C00301,South,Business
C00302,East,Consumer
C00303,West,Business
C00304,North,Consumer
C00305,South,Business
C00306,East,Consumer
C00307,West,Business
C00308,North,Consumer
C00309,South,Business
C00310,East,Consumer
C00311,West,Business
C00312,North,Consumer
C00313,South,Business
C00314,East,Consumer
C00315,West,Business
C00316,North,Consumer
C00317,South,Business
C00318,East,Consumer
C00319,West,Business
C00320,North,Consumer
C00321,South,Business
C00322,East,Consumer
C00323,West,Business
C00324,North,Consumer
C00325,South,Business
C00326,East,Consumer
C00327,West,Business
C00328,North,Consumer
C00329,South,Business
C00330,East,Consumer
C00331,West,Business
C00332,North,Consumer
C00333,South,Business
C00334,East,Consumer
C00335,West,Business
C00336,North,Consumer
C00337,South,Business
C00338,East,Consumer
C00339,West,Business
C00340,North,Consumer
C00341,South,Business
C00342,East,Consumer
C00343,West,Business
C00344,North,Consumer
C00345,South,Business
C00346,East,Consumer
C00347,West,Business
C00348,North,Consumer
C00349,South,Business
C00350,East,Consumer
C00351,West,Business
C00352,North,Consumer
C00353,South,Business
C00354,East,Consumer
C00355,West,Business
C00356,North,Consumer
C00357,South,Business
C00358,East,Consumer
C00359,West,Business
C00360,North,Consumer
C00361,South,Business
C00362,East,Consumer
C00363,West,Business
C00364,North,Consumer
C00365,South,Business
C00366,East,Consumer
C00367,West,Business
C00368,North,Consumer
C00369,South,Business
C00370,East,Consumer
C00371,West,Business
C00372,North,Consumer
C00373,South,Business
C00374,East,Consumer
C00375,West,Business
C00376,North,Consumer
C00377,South,Business
C00378,East,Consumer
C00379,West,Business
C00380,North,Consumer
C00381,South,Business
C00382,East,Consumer
C00383,West,Business
C00384,North,Consumer
C00385,South,Business
C00386,East,Consumer
C00387,West,Business
C00388,North,Consumer
C00389,South,Business
C00390,East,Consumer
C00391,West,Business
C00392,North,Consumer
C00393,South,Business
C00394,East,Consumer
C00395,West,Business
C00396,North,Consumer
C00397,South,Business
C00398,East,Consumer
C00399,West,Business
C00400,North,Consumer
C00401,South,Business
C00402,East,Consumer
C00403,West,Business
C00404,North,Consumer
C00405,South,Business
C00406,East,Consumer
C00407,West,Business
C00408,North,Consumer
C00409,South,Business
C00410,East,Consumer
C00411,West,Business
C00412,North,Consumer
C00413,South,Business
C00414,East,Consumer
C00415,West,Business
C00416,North,Consumer
C00417,South,Business
C00418,East,Consumer
C00419,West,Business
C00420,North,Consumer
C00421,South,Business
C00422,East,Consumer
C00423,West,Business
C00424,North,Consumer
C00425,South,Business
C00426,East,Consumer
C00427,West,Business
C00428,North,Consumer
C00429,South,Business
C00430,East,Consumer
C00431,West,Business
C00432,North,Consumer
C00433,South,Business
C00434,East,Consumer
C00435,West,Business
C00436,North,Consumer
C00437,South,Business
C00438,East,Consumer
C00439,West,Business
C00440,North,Consumer
C00441,South,Business
C00442,East,Consumer
C00443,West,Business
C00444,North,Consumer
C00445,South,Business
C00446,East,Consumer
C00447,West,Business
C00448,North,Consumer
C00449,South,Business
C00450,East,Consumer
C00451,West,Business
C00452,North,Consumer
C00453,South,Business
C00454,East,Consumer
C00455,West,Business
C00456,North,Consumer
C00457,South,Business
C00458,East,Consumer
C00459,West,Business
C00460,North,Consumer
C00461,South,Business
C00462,East,Consumer
C00463,West,Business
C00464,North,Consumer
C00465,South,Business
C00466,East,Consumer
C00467,West,Business
C00468,North,Consumer
C00469,South,Business
C00470,East,Consumer
C00471,West,Business
C00472,North,Consumer
C00473,South,Business
C00474,East,Consumer
C00475,West,Business
C00476,North,Consumer
C00477,South,Business
C00478,East,Consumer
C00479,West,Business
C00480,North,Consumer
C00481,South,Business
C00482,East,Consumer
C00483,West,Business
C00484,North,Consumer
C00485,South,Business
C00486,East,Consumer
C00487,West,Business
C00488,North,Consumer
C00489,South,Business
C00490,East,Consumer
C00491,West,Business
C00492,North,Consumer
C00493,South,Business
C00494,East,Consumer
C00495,West,Business
C00496,North,Consumer
C00497,South,Business
C00498,East,Consumer
C00499,West,Business
C00500,North,Consumer
C00501,South,Business
C00502,East,Consumer
C00503,West,Business
C00504,North,Consumer
C00505,South,Business
C00506,East,Consumer
C00507,West,Business
C00508,North,Consumer
C00509,South,Business
C00510,East,Consumer
C00511,West,Business
C00512,North,Consumer
C00513,South,Business
C00514,East,Consumer
C00515,West,Business
C00516,North,Consumer
C00517,South,Business
C00518,East,Consumer
C00519,West,Business
C00520,North,Consumer
C00521,South,Business
C00522,East,Consumer
C00523,West,Business
C00524,North,Consumer
C00525,South,Business
C00526,East,Consumer
C00527,West,Business
C00528,North,Consumer
C00529,South,Business
C00530,East,Consumer
C00531,West,Business
C00532,North,Consumer
C00533,South,Business
C00534,East,Consumer
C00535,West,Business
C00536,North,Consumer
C00537,South,Business
C00538,East,Consumer
C00539,West,Business
C00540,North,Consumer
C00541,South,Business
C00542,East,Consumer
C00543,West,Business
C00544,North,Consumer
C00545,South,Business
C00546,East,Consumer
C00547,West,Business
C00548,North,Consumer
C00549,South,Business
C00550,East,Consumer
C00551,West,Business
C00552,North,Consumer
C00553,South,Business
C00554,East,Consumer
C00555,West,Business
C00556,North,Consumer
C00557,South,Business
C00558,East,Consumer
C00559,West,Business
C00560,North,Consumer
C00561,South,Business
C00562,East,Consumer
C00563,West,Business
C00564,North,Consumer
C00565,South,Business
C00566,East,Consumer
C00567,West,Business
C00568,North,Consumer
C00569,South,Business
C00570,East,Consumer
C00571,West,Business
C00572,North,Consumer
C00573,South,Business
C00574,East,Consumer
C00575,West,Business
C00576,North,Consumer
C00577,South,Business
C00578,East,Consumer
C00579,West,Business
C00580,North,Consumer
C00581,South,Business
C00582,East,Consumer
C00583,West,Business
C00584,North,Consumer
C00585,South,Business
C00586,East,Consumer
C00587,West,Business
C00588,North,Consumer
C00589,South,Business
C00590,East,Consumer
C00591,West,Business
C00592,North,Consumer
C00593,South,Business
C00594,East,Consumer
C00595,West,Business
C00596,North,Consumer
C00597,South,Business
C00598,East,Consumer
C00599,West,Business
C00600,North,Consumer
C00601,South,Business
C00602,East,Consumer
C00603,West,Business
C00604,North,Consumer
C00605,South,Business
C00606,East,Consumer
C00607,West,Business
C00608,North,Consumer
C00609,South,Business
C00610,East,Consumer
C00611,West,Business
C00612,North,Consumer
C00613,South,Business
C00614,East,Consumer
C00615,West,Business
C00616,North,Consumer
C00617,South,Business
C00618,East,Consumer
C00619,West,Business
C00620,North,Consumer
C00621,South,Business
C00622,East,Consumer
C00623,West,Business
C00624,North,Consumer
C00625,South,Business
C00626,East,Consumer
C00627,West,Business
C00628,North,Consumer
C00629,South,Business
C00630,East,Consumer
C00631,West,Business
C00632,North,Consumer
C00633,South,Business
C00634,East,Consumer
C00635,West,Business
C00636,North,Consumer
C00637,South,Business
C00638,East,Consumer
C00639,West,Business
C00640,North,Consumer
C00641,South,Business
C00642,East,Consumer
C00643,West,Business
C00644,North,Consumer
C00645,South,Business
C00646,East,Consumer
C00647,West,Business
C00648,North,Consumer
C00649,South,Business
C00650,East,Consumer
C00651,West,Business
C00652,North,Consumer
C00653,South,Business
C00654,East,Consumer
C00655,West,Business
C00656,North,Consumer
C00657,South,Business
C00658,East,Consumer
C00659,West,Business
C00660,North,Consumer
C00661,South,Business
C00662,East,Consumer
C00663,West,Business
C00664,North,Consumer
C00665,South,Business
C00666,East,Consumer
C00667,West,Business
C00668,North,Consumer
C00669,South,Business
C00670,East,Consumer
C00671,West,Business
C00672,North,Consumer
C00673,South,Business
C00674,East,Consumer
C00675,West,Business
C00676,North,Consumer
C00677,South,Business
C00678,East,Consumer
C00679,West,Business
C00680,North,Consumer
C00681,South,Business
C00682,East,Consumer
C00683,West,Business
C00684,North,Consumer
C00685,South,Business
C00686,East,Consumer
C00687,West,Business
C00688,North,Consumer
C00689,South,Business
C00690,East,Consumer
C00691,West,Business
C00692,North,Consumer
C00693,South,Business
C00694,East,Consumer
C00695,West,Business
C00696,North,Consumer
C00697,South,Business
C00698,East,Consumer
C00699,West,Business
C00700,North,Consumer
C00701,South,Business
C00702,East,Consumer
C00703,West,Business
C00704,North,Consumer
C00705,South,Business
C00706,East,Consumer
C00707,West,Business
C00708,North,Consumer
C00709,South,Business
C00710,East,Consumer
C00711,West,Business
C00712,North,Consumer
C00713,South,Business
C00714,East,Consumer
C00715,West,Business
C00716,North,Consumer
C00717,South,Business
C00718,East,Consumer
C00719,West,Business
C00720,North,Consumer
C00721,South,Business
C00722,East,Consumer
C00723,West,Business
C00724,North,Consumer
C00725,South,Business
C00726,East,Consumer
C00727,West,Business
C00728,North,Consumer
C00729,South,Business
C00730,East,Consumer
C00731,West,Business
C00732,North,Consumer
C00733,South,Business
C00734,East,Consumer
C00735,West,Business
C00736,North,Consumer
C00737,South,Business
C00738,East,Consumer
C00739,West,Business
C00740,North,Consumer
C00741,South,Business
C00742,East,Consumer
C00743,West,Business
C00744,North,Consumer
C00745,South,Business
C00746,East,Consumer
C00747,West,Business
C00748,North,Consumer
C00749,South,Business
C00750,East,Consumer
C00751,West,Business
C00752,North,Consumer
C00753,South,Business
C00754,East,Consumer
C00755,West,Business
C00756,North,Consumer
C00757,South,Business
C00758,East,Consumer
C00759,West,Business
C00760,North,Consumer
C00761,South,Business
C00762,East,Consumer
C00763,West,Business
C00764,North,Consumer
C00765,South,Business
C00766,East,Consumer
C00767,West,Business
C00768,North,Consumer
C00769,South,Business
C00770,East,Consumer
C00771,West,Business
C00772,North,Consumer
C00773,South,Business
C00774,East,Consumer
C00775,West,Business
C00776,North,Consumer
C00777,South,Business
C00778,East,Consumer
C00779,West,Business
C00780,North,Consumer
C00781,South,Business
C00782,East,Consumer
C00783,West,Business
C00784,North,Consumer
C00785,South,Business
C00786,East,Consumer
C00787,West,Business
C00788,North,Consumer
C00789,South,Business
C00790,East,Consumer
C00791,West,Business
C00792,North,Consumer
C00793,South,Business
C00794,East,Consumer
C00795,West,Business
C00796,North,Consumer
C00797,South,Business
C00798,East,Consumer
C00799,West,Business
C00800,North,Consumer
C00801,South,Business
C00802,East,Consumer
C00803,West,Business
C00804,North,Consumer
C00805,South,Business
C00806,East,Consumer
C00807,West,Business
C00808,North,Consumer
C00809,South,Business
C00810,East,Consumer
C00811,West,Business
C00812,North,Consumer
C00813,South,Business
C00814,East,Consumer
C00815,West,Business
C00816,North,Consumer
C00817,South,Business
C00818,East,Consumer
C00819,West,Business
C00820,North,Consumer
C00821,South,Business
C00822,East,Consumer
C00823,West,Business
C00824,North,Consumer
C00825,South,Business
C00826,East,Consumer
C00827,West,Business
C00828,North,Consumer
C00829,South,Business
C00830,East,Consumer
C00831,West,Business
C00832,North,Consumer
C00833,South,Business
C00834,East,Consumer
C00835,West,Business
C00836,North,Consumer
C00837,South,Business
C00838,East,Consumer
C00839,West,Business
C00840,North,Consumer
C00841,South,Business
C00842,East,Consumer
C00843,West,Business
C00844,North,Consumer
C00845,South,Business
C00846,East,Consumer
C00847,West,Business
C00848,North,Consumer
C00849,South,Business
C00850,East,Consumer
C00851,West,Business
C00852,North,Consumer
C00853,South,Business
C00854,East,Consumer
C00855,West,Business
C00856,North,Consumer
C00857,South,Business
C00858,East,Consumer
C00859,West,Business
C00860,North,Consumer
C00861,South,Business
C00862,East,Consumer
C00863,West,Business
C00864,North,Consumer
C00865,South,Business
C00866,East,Consumer
C00867,West,Business
C00868,North,Consumer
C00869,South,Business
C00870,East,Consumer
C00871,West,Business
C00872,North,Consumer
C00873,South,Business
C00874,East,Consumer
C00875,West,Business
C00876,North,Consumer
C00877,South,Business
C00878,East,Consumer
C00879,West,Business
C00880,North,Consumer
C00881,South,Business
C00882,East,Consumer
C00883,West,Business
C00884,North,Consumer
C00885,South,Business
C00886,East,Consumer
C00887,West,Business
C00888,North,Consumer
C00889,South,Business
C00890,East,Consumer
C00891,West,Business
C00892,North,Consumer
C00893,South,Business
C00894,East,Consumer
C00895,West,Business
C00896,North,Consumer
C00897,South,Business
C00898,East,Consumer
C00899,West,Business
C00900,North,Consumer
C00901,South,Business
C00902,East,Consumer
C00903,West,Business
C00904,North,Consumer
C00905,South,Business
C00906,East,Consumer
C00907,West,Business
C00908,North,Consumer
C00909,South,Business
C00910,East,Consumer
C00911,West,Business
C00912,North,Consumer
C00913,South,Business
C00914,East,Consumer
C00915,West,Business
C00916,North,Consumer
C00917,South,Business
C00918,East,Consumer
C00919,West,Business
C00920,North,Consumer
C00921,South,Business
C00922,East,Consumer
C00923,West,Business
C00924,North,Consumer
C00925,South,Business
C00926,East,Consumer
C00927,West,Business
C00928,North,Consumer
C00929,South,Business
C00930,East,Consumer
C00931,West,Business
C00932,North,Consumer
C00933,South,Business
C00934,East,Consumer
C00935,West,Business
C00936,North,Consumer
C00937,South,Business
C00938,East,Consumer
C00939,West,Business
C00940,North,Consumer
C00941,South,Business
C00942,East,Consumer
C00943,West,Business
C00944,North,Consumer
C00945,South,Business
C00946,East,Consumer
C00947,West,Business
C00948,North,Consumer
C00949,South,Business
C00950,East,Consumer
C00951,West,Business
C00952,North,Consumer
C00953,South,Business
C00954,East,Consumer
C00955,West,Business
C00956,North,Consumer
C00957,South,Business
C00958,East,Consumer
C00959,West,Business
C00960,North,Consumer
C00961,South,Business
C00962,East,Consumer
C00963,West,Business
C00964,North,Consumer
C00965,South,Business
C00966,East,Consumer
C00967,West,Business
C00968,North,Consumer
C00969,South,Business
C00970,East,Consumer
C00971,West,Business
C00972,North,Consumer
C00973,South,Business
C00974,East,Consumer
C00975,West,Business
C00976,North,Consumer
C00977,South,Business
C00978,East,Consumer
C00979,West,Business
C00980,North,Consumer
C00981,South,Business
C00982,East,Consumer
C00983,West,Business
C00984,North,Consumer
C00985,South,Business
C00986,East,Consumer
C00987,West,Business
C00988,North,Consumer
C00989,South,Business
C00990,East,Consumer
C00991,West,Business
C00992,North,Consumer
C00993,South,Business
C00994,East,Consumer
C00995,West,Business
C00996,North,Consumer
C00997,South,Business
C00998,East,Consumer
C00999,West,Business
C01000,North,Consumer
C01001,South,Business
C01002,East,Consumer
C01003,West,Business
C01004,North,Consumer
C01005,South,Business
C01006,East,Consumer
C01007,West,Business
C01008,North,Consumer
C01009,South,Business
C01010,East,Consumer
C01011,West,Business
C01012,North,Consumer
C01013,South,Business
C01014,East,Consumer
C01015,West,Business
C01016,North,Consumer
C01017,South,Business
C01018,East,Consumer
C01019,West,Business
C01020,North,Consumer
C01021,South,Business
C01022,East,Consumer
C01023,West,Business
C01024,North,Consumer
C01025,South,Business
C01026,East,Consumer
C01027,West,Business
C01028,North,Consumer
C01029,South,Business
C01030,East,Consumer
C01031,West,Business
C01032,North,Consumer
C01033,South,Business
C01034,East,Consumer
C01035,West,Business
C01036,North,Consumer
C01037,South,Business
C01038,East,Consumer
C01039,West,Business
C01040,North,Consumer
C01041,South,Business
C01042,East,Consumer
C01043,West,Business
C01044,North,Consumer
C01045,South,Business
C01046,East,Consumer
C01047,West,Business
C01048,North,Consumer
C01049,South,Business
C01050,East,Consumer
C01051,West,Business
C01052,North,Consumer
C01053,South,Business
C01054,East,Consumer
C01055,West,Business
C01056,North,Consumer
C01057,South,Business
C01058,East,Consumer
C01059,West,Business
C01060,North,Consumer
C01061,South,Business
C01062,East,Consumer
C01063,West,Business
C01064,North,Consumer
C01065,South,Business
C01066,East,Consumer
C01067,West,Business
C01068,North,Consumer
C01069,South,Business
C01070,East,Consumer
C01071,West,Business
C01072,North,Consumer
C01073,South,Business
C01074,East,Consumer
C01075,West,Business
C01076,North,Consumer
C01077,South,Business
C01078,East,Consumer
C01079,West,Business
C01080,North,Consumer
C01081,South,Business
C01082,East,Consumer
C01083,West,Business
C01084,North,Consumer
C01085,South,Business
C01086,East,Consumer
C01087,West,Business
C01088,North,Consumer
C01089,South,Business
C01090,East,Consumer
C01091,West,Business
C01092,North,Consumer
C01093,South,Business
C01094,East,Consumer
C01095,West,Business
C01096,North,Consumer
C01097,South,Business
C01098,East,Consumer
C01099,West,Business
C01100,North,Consumer
C01101,South,Business
C01102,East,Consumer
C01103,West,Business
C01104,North,Consumer
C01105,South,Business
C01106,East,Consumer
C01107,West,Business
C01108,North,Consumer
C01109,South,Business
C01110,East,Consumer
C01111,West,Business
C01112,North,Consumer
C01113,South,Business
C01114,East,Consumer
C01115,West,Business
C01116,North,Consumer
C01117,South,Business
C01118,East,Consumer
C01119,West,Business
C01120,North,Consumer
C01121,South,Business
C01122,East,Consumer
C01123,West,Business
C01124,North,Consumer
C01125,South,Business
C01126,East,Consumer
C01127,West,Business
C01128,North,Consumer
C01129,South,Business
C01130,East,Consumer
C01131,West,Business
C01132,North,Consumer
C01133,South,Business
C01134,East,Consumer
C01135,West,Business
C01136,North,Consumer
C01137,South,Business
C01138,East,Consumer
C01139,West,Business
C01140,North,Consumer
C01141,South,Business
C01142,East,Consumer
C01143,West,Business
C01144,North,Consumer
C01145,South,Business
C01146,East,Consumer
C01147,West,Business
C01148,North,Consumer
C01149,South,Business
C01150,East,Consumer
C01151,West,Business
C01152,North,Consumer
C01153,South,Business
C01154,East,Consumer
C01155,West,Business
C01156,North,Consumer
C01157,South,Business
C01158,East,Consumer
C01159,West,Business
C01160,North,Consumer
C01161,South,Business
C01162,East,Consumer
C01163,West,Business
C01164,North,Consumer
C01165,South,Business
C01166,East,Consumer
C01167,West,Business
C01168,North,Consumer
C01169,South,Business
C01170,East,Consumer
C01171,West,Business
C01172,North,Consumer
C01173,South,Business
C01174,East,Consumer
C01175,West,Business
C01176,North,Consumer
C01177,South,Business
C01178,East,Consumer
C01179,West,Business
C01180,North,Consumer
C01181,South,Business
C01182,East,Consumer
C01183,West,Business
C01184,North,Consumer
C01185,South,Business
C01186,East,Consumer
C01187,West,Business
C01188,North,Consumer
C01189,South,Business
C01190,East,Consumer
C01191,West,Business
C01192,North,Consumer
C01193,South,Business
C01194,East,Consumer
C01195,West,Business
C01196,North,Consumer
C01197,South,Business
C01198,East,Consumer
C01199,West,Business
C01200,North,Consumer
C01201,South,Business
C01202,East,Consumer
C01203,West,Business
C01204,North,Consumer
C01205,South,Business
C01206,East,Consumer
C01207,West,Business
C01208,North,Consumer
C01209,South,Business
C01210,East,Consumer
C01211,West,Business
C01212,North,Consumer
C01213,South,Business
C01214,East,Consumer
C01215,West,Business
C01216,North,Consumer
C01217,South,Business
C01218,East,Consumer
C01219,West,Business
C01220,North,Consumer
C01221,South,Business
C01222,East,Consumer
C01223,West,Business
C01224,North,Consumer
C01225,South,Business
C01226,East,Consumer
C01227,West,Business
C01228,North,Consumer
C01229,South,Business
C01230,East,Consumer
C01231,West,Business
C01232,North,Consumer
C01233,South,Business
C01234,East,Consumer
C01235,West,Business
C01236,North,Consumer
C01237,South,Business
C01238,East,Consumer
C01239,West,Business
C01240,North,Consumer
C01241,South,Business
C01242,East,Consumer
C01243,West,Business
C01244,North,Consumer
C01245,South,Business
C01246,East,Consumer
C01247,West,Business
C01248,North,Consumer
C01249,South,Business
C01250,East,Consumer
C01251,West,Business
C01252,North,Consumer
C01253,South,Business
C01254,East,Consumer
C01255,West,Business
C01256,North,Consumer
C01257,South,Business
C01258,East,Consumer
C01259,West,Business
C01260,North,Consumer
C01261,South,Business
C01262,East,Consumer
C01263,West,Business
C01264,North,Consumer
C01265,South,Business
C01266,East,Consumer
C01267,West,Business
C01268,North,Consumer
C01269,South,Business
C01270,East,Consumer
C01271,West,Business
C01272,North,Consumer
C01273,South,Business
C01274,East,Consumer
C01275,West,Business
C01276,North,Consumer
C01277,South,Business
C01278,East,Consumer
C01279,West,Business
C01280,North,Consumer
C01281,South,Business
C01282,East,Consumer
C01283,West,Business
C01284,North,Consumer
C01285,South,Business
C01286,East,Consumer
C01287,West,Business
C01288,North,Consumer
C01289,South,Business
C01290,East,Consumer
C01291,West,Business
C01292,North,Consumer
C01293,South,Business
C01294,East,Consumer
C01295,West,Business
C01296,North,Consumer
C01297,South,Business
C01298,East,Consumer
C01299,West,Business
C01300,North,Consumer
C01301,South,Business
C01302,East,Consumer
C01303,West,Business
C01304,North,Consumer
C01305,South,Business
C01306,East,Consumer
C01307,West,Business
C01308,North,Consumer
C01309,South,Business
C01310,East,Consumer
C01311,West,Business
C01312,North,Consumer
C01313,South,Business
C01314,East,Consumer
C01315,West,Business
C01316,North,Consumer
C01317,South,Business
C01318,East,Consumer
C01319,West,Business
C01320,North,Consumer
C01321,South,Business
C01322,East,Consumer
C01323,West,Business
C01324,North,Consumer
C01325,South,Business
C01326,East,Consumer
C01327,West,Business
C01328,North,Consumer
C01329,South,Business
C01330,East,Consumer
C01331,West,Business
C01332,North,Consumer
C01333,South,Business
C01334,East,Consumer
C01335,West,Business
C01336,North,Consumer
C01337,South,Business
C01338,East,Consumer
C01339,West,Business
C01340,North,Consumer
C01341,South,Business
C01342,East,Consumer
C01343,West,Business
C01344,North,Consumer
C01345,South,Business
C01346,East,Consumer
C01347,West,Business
C01348,North,Consumer
C01349,South,Business
C01350,East,Consumer
C01351,West,Business
C01352,North,Consumer
C01353,South,Business
C01354,East,Consumer
C01355,West,Business
C01356,North,Consumer
C01357,South,Business
C01358,East,Consumer
C01359,West,Business
C01360,North,Consumer
C01361,South,Business
C01362,East,Consumer
C01363,West,Business
C01364,North,Consumer
C01365,South,Business
C01366,East,Consumer
C01367,West,Business
C01368,North,Consumer
C01369,South,Business
C01370,East,Consumer
C01371,West,Business
C01372,North,Consumer
C01373,South,Business
C01374,East,Consumer
C01375,West,Business
C01376,North,Consumer
C01377,South,Business
C01378,East,Consumer
C01379,West,Business
C01380,North,Consumer
C01381,South,Business
C01382,East,Consumer
C01383,West,Business
C01384,North,Consumer
C01385,South,Business
C01386,East,Consumer
C01387,West,Business
C01388,North,Consumer
C01389,South,Business
C01390,East,Consumer
C01391,West,Business
C01392,North,Consumer
C01393,South,Business
C01394,East,Consumer
C01395,West,Business
C01396,North,Consumer
C01397,South,Business
C01398,East,Consumer
C01399,West,Business
C01400,North,Consumer
C01401,South,Business
C01402,East,Consumer
C01403,West,Business
C01404,North,Consumer
C01405,South,Business
C01406,East,Consumer
C01407,West,Business
C01408,North,Consumer
C01409,South,Business
C01410,East,Consumer
C01411,West,Business
C01412,North,Consumer
C01413,South,Business
C01414,East,Consumer
C01415,West,Business
C01416,North,Consumer
C01417,South,Business
C01418,East,Consumer
C01419,West,Business
C01420,North,Consumer
C01421,South,Business
C01422,East,Consumer
C01423,West,Business
C01424,North,Consumer
C01425,South,Business
C01426,East,Consumer
C01427,West,Business
C01428,North,Consumer
C01429,South,Business
C01430,East,Consumer
C01431,West,Business
C01432,North,Consumer
C01433,South,Business
C01434,East,Consumer
C01435,West,Business
C01436,North,Consumer
C01437,South,Business
C01438,East,Consumer
C01439,West,Business
C01440,North,Consumer
C01441,South,Business
C01442,East,Consumer
C01443,West,Business
C01444,North,Consumer
C01445,South,Business
C01446,East,Consumer
C01447,West,Business
C01448,North,Consumer
C01449,South,Business
C01450,East,Consumer
C01451,West,Business
C01452,North,Consumer
C01453,South,Business
C01454,East,Consumer
C01455,West,Business
C01456,North,Consumer
C01457,South,Business
C01458,East,Consumer
C01459,West,Business
C01460,North,Consumer
C01461,South,Business
C01462,East,Consumer
C01463,West,Business
C01464,North,Consumer
C01465,South,Business
C01466,East,Consumer
C01467,West,Business
C01468,North,Consumer
C01469,South,Business
C01470,East,Consumer
C01471,West,Business
C01472,North,Consumer
C01473,South,Business
C01474,East,Consumer
C01475,West,Business
C01476,North,Consumer
C01477,South,Business
C01478,East,Consumer
C01479,West,Business
C01480,North,Consumer
C01481,South,Business
C01482,East,Consumer
C01483,West,Business
C01484,North,Consumer
C01485,South,Business
C01486,East,Consumer
C01487,West,Business
C01488,North,Consumer
C01489,South,Business
C01490,East,Consumer
C01491,West,Business
C01492,North,Consumer
C01493,South,Business
C01494,East,Consumer
C01495,West,Business
C01496,North,Consumer
C01497,South,Business
C01498,East,Consumer
C01499,West,Business
C01500,North,Consumer
C01501,South,Business
C01502,East,Consumer
C01503,West,Business
C01504,North,Consumer
C01505,South,Business
C01506,East,Consumer
C01507,West,Business
C01508,North,Consumer
C01509,South,Business
C01510,East,Consumer
C01511,West,Business
C01512,North,Consumer
C01513,South,Business
C01514,East,Consumer
C01515,West,Business
C01516,North,Consumer
C01517,South,Business
C01518,East,Consumer
C01519,West,Business
C01520,North,Consumer
C01521,South,Business
C01522,East,Consumer
C01523,West,Business
C01524,North,Consumer
C01525,South,Business
C01526,East,Consumer
C01527,West,Business
C01528,North,Consumer
C01529,South,Business
C01530,East,Consumer
C01531,West,Business
C01532,North,Consumer
C01533,South,Business
C01534,East,Consumer
C01535,West,Business
C01536,North,Consumer
C01537,South,Business
C01538,East,Consumer
C01539,West,Business
C01540,North,Consumer
C01541,South,Business
C01542,East,Consumer
C01543,West,Business
C01544,North,Consumer
C01545,South,Business
C01546,East,Consumer
C01547,West,Business
C01548,North,Consumer
C01549,South,Business
C01550,East,Consumer
C01551,West,Business
C01552,North,Consumer
C01553,South,Business
C01554,East,Consumer
C01555,West,Business
C01556,North,Consumer
C01557,South,Business
C01558,East,Consumer
C01559,West,Business
C01560,North,Consumer
C01561,South,Business
C01562,East,Consumer
C01563,West,Business
C01564,North,Consumer
C01565,South,Business
C01566,East,Consumer
C01567,West,Business
C01568,North,Consumer
C01569,South,Business
C01570,East,Consumer
C01571,West,Business
C01572,North,Consumer
C01573,South,Business
C01574,East,Consumer
C01575,West,Business
C01576,North,Consumer
C01577,South,Business
C01578,East,Consumer
C01579,West,Business
C01580,North,Consumer
C01581,South,Business
C01582,East,Consumer
C01583,West,Business
C01584,North,Consumer
C01585,South,Business
C01586,East,Consumer
C01587,West,Business
C01588,North,Consumer
C01589,South,Business
C01590,East,Consumer
C01591,West,Business
C01592,North,Consumer
C01593,South,Business
C01594,East,Consumer
C01595,West,Business
C01596,North,Consumer
C01597,South,Business
C01598,East,Consumer
C01599,West,Business
C01600,North,Consumer
C01601,South,Business
C01602,East,Consumer
C01603,West,Business
C01604,North,Consumer
C01605,South,Business
C01606,East,Consumer
C01607,West,Business
C01608,North,Consumer
C01609,South,Business
C01610,East,Consumer
C01611,West,Business
C01612,North,Consumer
C01613,South,Business
C01614,East,Consumer
C01615,West,Business
C01616,North,Consumer
C01617,South,Business
C01618,East,Consumer
C01619,West,Business
C01620,North,Consumer
C01621,South,Business
C01622,East,Consumer
C01623,West,Business
C01624,North,Consumer
C01625,South,Business
C01626,East,Consumer
C01627,West,Business
C01628,North,Consumer
C01629,South,Business
C01630,East,Consumer
C01631,West,Business
C01632,North,Consumer
C01633,South,Business
C01634,East,Consumer
C01635,West,Business
C01636,North,Consumer
C01637,South,Business
C01638,East,Consumer
C01639,West,Business
C01640,North,Consumer
C01641,South,Business
C01642,East,Consumer
C01643,West,Business
C01644,North,Consumer
C01645,South,Business
C01646,East,Consumer
C01647,West,Business
C01648,North,Consumer
C01649,South,Business
C01650,East,Consumer
C01651,West,Business
C01652,North,Consumer
C01653,South,Business
C01654,East,Consumer
C01655,West,Business
C01656,North,Consumer
C01657,South,Business
C01658,East,Consumer
C01659,West,Business
C01660,North,Consumer
C01661,South,Business
C01662,East,Consumer
C01663,West,Business
C01664,North,Consumer
C01665,South,Business
C01666,East,Consumer
C01667,West,Business
C01668,North,Consumer
C01669,South,Business
C01670,East,Consumer
C01671,West,Business
C01672,North,Consumer
C01673,South,Business
C01674,East,Consumer
C01675,West,Business
C01676,North,Consumer
C01677,South,Business
C01678,East,Consumer
C01679,West,Business
C01680,North,Consumer
C01681,South,Business
C01682,East,Consumer
C01683,West,Business
C01684,North,Consumer
C01685,South,Business
C01686,East,Consumer
C01687,West,Business
C01688,North,Consumer
C01689,South,Business
C01690,East,Consumer
C01691,West,Business
C01692,North,Consumer
C01693,South,Business
C01694,East,Consumer
C01695,West,Business
C01696,North,Consumer
C01697,South,Business
C01698,East,Consumer
C01699,West,Business
C01700,North,Consumer
C01701,South,Business
C01702,East,Consumer
C01703,West,Business
C01704,North,Consumer
C01705,South,Business
C01706,East,Consumer
C01707,West,Business
C01708,North,Consumer
C01709,South,Business
C01710,East,Consumer
C01711,West,Business
C01712,North,Consumer
C01713,South,Business
C01714,East,Consumer
C01715,West,Business
C01716,North,Consumer
C01717,South,Business
C01718,East,Consumer
C01719,West,Business
C01720,North,Consumer
C01721,South,Business
C01722,East,Consumer
C01723,West,Business
C01724,North,Consumer
C01725,South,Business
C01726,East,Consumer
C01727,West,Business
C01728,North,Consumer
C01729,South,Business
C01730,East,Consumer
C01731,West,Business
C01732,North,Consumer
C01733,South,Business
C01734,East,Consumer
C01735,West,Business
C01736,North,Consumer
C01737,South,Business
C01738,East,Consumer
C01739,West,Business
C01740,North,Consumer
C01741,South,Business
C01742,East,Consumer
C01743,West,Business
C01744,North,Consumer
C01745,South,Business
C01746,East,Consumer
C01747,West,Business
C01748,North,Consumer
C01749,South,Business
C01750,East,Consumer
C01751,West,Business
C01752,North,Consumer
C01753,South,Business
C01754,East,Consumer
C01755,West,Business
C01756,North,Consumer
C01757,South,Business
C01758,East,Consumer
C01759,West,Business
C01760,North,Consumer
C01761,South,Business
C01762,East,Consumer
C01763,West,Business
C01764,North,Consumer
C01765,South,Business
C01766,East,Consumer
C01767,West,Business
C01768,North,Consumer
C01769,South,Business
C01770,East,Consumer
C01771,West,Business
C01772,North,Consumer
C01773,South,Business
C01774,East,Consumer
C01775,West,Business
C01776,North,Consumer
C01777,South,Business
C01778,East,Consumer
C01779,West,Business
C01780,North,Consumer
C01781,South,Business
C01782,East,Consumer
C01783,West,Business
C01784,North,Consumer
C01785,South,Business
C01786,East,Consumer
C01787,West,Business
C01788,North,Consumer
C01789,South,Business
C01790,East,Consumer
C01791,West,Business
C01792,North,Consumer
C01793,South,Business
C01794,East,Consumer
C01795,West,Business
C01796,North,Consumer
C01797,South,Business
C01798,East,Consumer
C01799,West,Business
C01800,North,Consumer
C01801,South,Business
C01802,East,Consumer
C01803,West,Business
C01804,North,Consumer
C01805,South,Business
C01806,East,Consumer
C01807,West,Business
C01808,North,Consumer
C01809,South,Business
C01810,East,Consumer
C01811,West,Business
C01812,North,Consumer
C01813,South,Business
C01814,East,Consumer
C01815,West,Business
C01816,North,Consumer
C01817,South,Business
C01818,East,Consumer
C01819,West,Business
C01820,North,Consumer
C01821,South,Business
C01822,East,Consumer
C01823,West,Business
C01824,North,Consumer
C01825,South,Business
C01826,East,Consumer
C01827,West,Business
C01828,North,Consumer
C01829,South,Business
C01830,East,Consumer
C01831,West,Business
C01832,North,Consumer
C01833,South,Business
C01834,East,Consumer
C01835,West,Business
C01836,North,Consumer
C01837,South,Business
C01838,East,Consumer
C01839,West,Business
C01840,North,Consumer
C01841,South,Business
C01842,East,Consumer
C01843,West,Business
C01844,North,Consumer
C01845,South,Business
C01846,East,Consumer
C01847,West,Business
C01848,North,Consumer
C01849,South,Business
C01850,East,Consumer
C01851,West,Business
C01852,North,Consumer
C01853,South,Business
C01854,East,Consumer
C01855,West,Business
C01856,North,Consumer
C01857,South,Business
C01858,East,Consumer
C01859,West,Business
C01860,North,Consumer
C01861,South,Business
C01862,East,Consumer
C01863,West,Business
C01864,North,Consumer
C01865,South,Business
C01866,East,Consumer
C01867,West,Business
C01868,North,Consumer
C01869,South,Business
C01870,East,Consumer
C01871,West,Business
C01872,North,Consumer
C01873,South,Business
C01874,East,Consumer
C01875,West,Business
C01876,North,Consumer
C01877,South,Business
C01878,East,Consumer
C01879,West,Business
C01880,North,Consumer
C01881,South,Business
C01882,East,Consumer
C01883,West,Business
C01884,North,Consumer
C01885,South,Business
C01886,East,Consumer
C01887,West,Business
C01888,North,Consumer
C01889,South,Business
C01890,East,Consumer
C01891,West,Business
C01892,North,Consumer
C01893,South,Business
C01894,East,Consumer
C01895,West,Business
C01896,North,Consumer
C01897,South,Business
C01898,East,Consumer
C01899,West,Business
C01900,North,Consumer
C01901,South,Business
C01902,East,Consumer
C01903,West,Business
C01904,North,Consumer
C01905,South,Business
C01906,East,Consumer
C01907,West,Business
C01908,North,Consumer
C01909,South,Business
C01910,East,Consumer
C01911,West,Business
C01912,North,Consumer
C01913,South,Business
C01914,East,Consumer
C01915,West,Business
C01916,North,Consumer
C01917,South,Business
C01918,East,Consumer
C01919,West,Business
C01920,North,Consumer
C01921,South,Business
C01922,East,Consumer
C01923,West,Business
C01924,North,Consumer
C01925,South,Business
C01926,East,Consumer
C01927,West,Business
C01928,North,Consumer
C01929,South,Business
C01930,East,Consumer
C01931,West,Business
C01932,North,Consumer
C01933,South,Business
C01934,East,Consumer
C01935,West,Business
C01936,North,Consumer
C01937,South,Business
C01938,East,Consumer
C01939,West,Business
C01940,North,Consumer
C01941,South,Business
C01942,East,Consumer
C01943,West,Business
C01944,North,Consumer
C01945,South,Business
C01946,East,Consumer
C01947,West,Business
C01948,North,Consumer
C01949,South,Business
C01950,East,Consumer
C01951,West,Business
C01952,North,Consumer
C01953,South,Business
C01954,East,Consumer
C01955,West,Business
C01956,North,Consumer
C01957,South,Business
C01958,East,Consumer
C01959,West,Business
C01960,North,Consumer
C01961,South,Business
C01962,East,Consumer
C01963,West,Business
C01964,North,Consumer
C01965,South,Business
C01966,East,Consumer
C01967,West,Business
C01968,North,Consumer
C01969,South,Business
C01970,East,Consumer
C01971,West,Business
C01972,North,Consumer
C01973,South,Business
C01974,East,Consumer
C01975,West,Business
C01976,North,Consumer
C01977,South,Business
C01978,East,Consumer
C01979,West,Business
C01980,North,Consumer
C01981,South,Business
C01982,East,Consumer
C01983,West,Business
C01984,North,Consumer
C01985,South,Business
C01986,East,Consumer
C01987,West,Business
C01988,North,Consumer
C01989,South,Business
C01990,East,Consumer
C01991,West,Business
C01992,North,Consumer
C01993,South,Business
C01994,East,Consumer
C01995,West,Business
C01996,North,Consumer
C01997,South,Business
C01998,East,Consumer
C01999,West,Business
C02000,North,Consumer
C02001,South,Business
C02002,East,Consumer
C02003,West,Business
C02004,North,Consumer
C02005,South,Business
C02006,East,Consumer
C02007,West,Business
C02008,North,Consumer
C02009,South,Business
C02010,East,Consumer
C02011,West,Business
C02012,North,Consumer
C02013,South,Business
C02014,East,Consumer
C02015,West,Business
C02016,North,Consumer
C02017,South,Business
C02018,East,Consumer
C02019,West,Business
C02020,North,Consumer
C02021,South,Business
C02022,East,Consumer
C02023,West,Business
C02024,North,Consumer
C02025,South,Business
C02026,East,Consumer
C02027,West,Business
C02028,North,Consumer
C02029,South,Business
C02030,East,Consumer
C02031,West,Business
C02032,North,Consumer
C02033,South,Business
C02034,East,Consumer
C02035,West,Business
C02036,North,Consumer
C02037,South,Business
C02038,East,Consumer
C02039,West,Business
C02040,North,Consumer
C02041,South,Business
C02042,East,Consumer
C02043,West,Business
C02044,North,Consumer
C02045,South,Business
C02046,East,Consumer
C02047,West,Business
C02048,North,Consumer
C02049,South,Business
C02050,East,Consumer
C02051,West,Business
C02052,North,Consumer
C02053,South,Business
C02054,East,Consumer
C02055,West,Business
C02056,North,Consumer
C02057,South,Business
C02058,East,Consumer
C02059,West,Business
C02060,North,Consumer
C02061,South,Business
C02062,East,Consumer
C02063,West,Business
C02064,North,Consumer
C02065,South,Business
C02066,East,Consumer
C02067,West,Business
C02068,North,Consumer
C02069,South,Business
C02070,East,Consumer
C02071,West,Business
C02072,North,Consumer
C02073,South,Business
C02074,East,Consumer
C02075,West,Business
C02076,North,Consumer
C02077,South,Business
C02078,East,Consumer
C02079,West,Business
C02080,North,Consumer
C02081,South,Business
C02082,East,Consumer
C02083,West,Business
C02084,North,Consumer
C02085,South,Business
C02086,East,Consumer
C02087,West,Business
C02088,North,Consumer
C02089,South,Business
C02090,East,Consumer
C02091,West,Business
C02092,North,Consumer
C02093,South,Business
C02094,East,Consumer
C02095,West,Business
C02096,North,Consumer
C02097,South,Business
C02098,East,Consumer
C02099,West,Business
C02100,North,Consumer
C02101,South,Business
C02102,East,Consumer
C02103,West,Business
C02104,North,Consumer
C02105,South,Business
C02106,East,Consumer
C02107,West,Business
C02108,North,Consumer
C02109,South,Business
C02110,East,Consumer
C02111,West,Business
C02112,North,Consumer
C02113,South,Business
C02114,East,Consumer
C02115,West,Business
C02116,North,Consumer
C02117,South,Business
C02118,East,Consumer
C02119,West,Business
C02120,North,Consumer
C02121,South,Business
C02122,East,Consumer
C02123,West,Business
C02124,North,Consumer
C02125,South,Business
C02126,East,Consumer
C02127,West,Business
C02128,North,Consumer
C02129,South,Business
C02130,East,Consumer
C02131,West,Business
C02132,North,Consumer
C02133,South,Business
C02134,East,Consumer
C02135,West,Business
C02136,North,Consumer
C02137,South,Business
C02138,East,Consumer
C02139,West,Business
C02140,North,Consumer
C02141,South,Business
C02142,East,Consumer
C02143,West,Business
C02144,North,Consumer
C02145,South,Business
C02146,East,Consumer
C02147,West,Business
C02148,North,Consumer
C02149,South,Business
C02150,East,Consumer
C02151,West,Business
C02152,North,Consumer
C02153,South,Business
C02154,East,Consumer
C02155,West,Business
C02156,North,Consumer
C02157,South,Business
C02158,East,Consumer
C02159,West,Business
C02160,North,Consumer
C02161,South,Business
C02162,East,Consumer
C02163,West,Business
C02164,North,Consumer
C02165,South,Business
C02166,East,Consumer
C02167,West,Business
C02168,North,Consumer
C02169,South,Business
C02170,East,Consumer
C02171,West,Business
C02172,North,Consumer
C02173,South,Business
C02174,East,Consumer
C02175,West,Business
C02176,North,Consumer
C02177,South,Business
C02178,East,Consumer
C02179,West,Business
C02180,North,Consumer
C02181,South,Business
C02182,East,Consumer
C02183,West,Business
C02184,North,Consumer
C02185,South,Business
C02186,East,Consumer
C02187,West,Business
C02188,North,Consumer
C02189,South,Business
C02190,East,Consumer
C02191,West,Business
C02192,North,Consumer
C02193,South,Business
C02194,East,Consumer
C02195,West,Business
C02196,North,Consumer
C02197,South,Business
C02198,East,Consumer
C02199,West,Business
C02200,North,Consumer
C02201,South,Business
C02202,East,Consumer
C02203,West,Business
C02204,North,Consumer
C02205,South,Business
C02206,East,Consumer
C02207,West,Business
C02208,North,Consumer
C02209,South,Business
C02210,East,Consumer
C02211,West,Business
C02212,North,Consumer
C02213,South,Business
C02214,East,Consumer
C02215,West,Business
C02216,North,Consumer
C02217,South,Business
C02218,East,Consumer
C02219,West,Business
C02220,North,Consumer
C02221,South,Business
C02222,East,Consumer
C02223,West,Business
C02224,North,Consumer
C02225,South,Business
C02226,East,Consumer
C02227,West,Business
C02228,North,Consumer
C02229,South,Business
C02230,East,Consumer
C02231,West,Business
C02232,North,Consumer
C02233,South,Business
C02234,East,Consumer
C02235,West,Business
C02236,North,Consumer
C02237,South,Business
C02238,East,Consumer
C02239,West,Business
C02240,North,Consumer
C02241,South,Business
C02242,East,Consumer
C02243,West,Business
C02244,North,Consumer
C02245,South,Business
C02246,East,Consumer
C02247,West,Business
C02248,North,Consumer
C02249,South,Business
C02250,East,Consumer
C02251,West,Business
C02252,North,Consumer
C02253,South,Business
C02254,East,Consumer
C02255,West,Business
C02256,North,Consumer
C02257,South,Business
C02258,East,Consumer
C02259,West,Business
C02260,North,Consumer
C02261,South,Business
C02262,East,Consumer
C02263,West,Business
C02264,North,Consumer
C02265,South,Business
C02266,East,Consumer
C02267,West,Business
C02268,North,Consumer
C02269,South,Business
C02270,East,Consumer
C02271,West,Business
C02272,North,Consumer
C02273,South,Business
C02274,East,Consumer
C02275,West,Business
C02276,North,Consumer
C02277,South,Business
C02278,East,Consumer
C02279,West,Business
C02280,North,Consumer
C02281,South,Business
C02282,East,Consumer
C02283,West,Business
C02284,North,Consumer
C02285,South,Business
C02286,East,Consumer
C02287,West,Business
C02288,North,Consumer
C02289,South,Business
C02290,East,Consumer
C02291,West,Business
C02292,North,Consumer
C02293,South,Business
C02294,East,Consumer
C02295,West,Business
C02296,North,Consumer
C02297,South,Business
C02298,East,Consumer
C02299,West,Business
C02300,North,Consumer
C02301,South,Business
C02302,East,Consumer
C02303,West,Business
C02304,North,Consumer
C02305,South,Business
C02306,East,Consumer
C02307,West,Business
C02308,North,Consumer
C02309,South,Business
C02310,East,Consumer
C02311,West,Business
C02312,North,Consumer
C02313,South,Business
C02314,East,Consumer
C02315,West,Business
C02316,North,Consumer
C02317,South,Business
C02318,East,Consumer
C02319,West,Business
C02320,North,Consumer
C02321,South,Business
C02322,East,Consumer
C02323,West,Business
C02324,North,Consumer
C02325,South,Business
C02326,East,Consumer
C02327,West,Business
C02328,North,Consumer
C02329,South,Business
C02330,East,Consumer
C02331,West,Business
C02332,North,Consumer
C02333,South,Business
C02334,East,Consumer
C02335,West,Business
C02336,North,Consumer
C02337,South,Business
C02338,East,Consumer
C02339,West,Business
C02340,North,Consumer
C02341,South,Business
C02342,East,Consumer
C02343,West,Business
C02344,North,Consumer
C02345,South,Business
C02346,East,Consumer
C02347,West,Business
C02348,North,Consumer
C02349,South,Business
C02350,East,Consumer
C02351,West,Business
C02352,North,Consumer
C02353,South,Business
C02354,East,Consumer
C02355,West,Business
C02356,North,Consumer
C02357,South,Business
C02358,East,Consumer
C02359,West,Business
C02360,North,Consumer
C02361,South,Business
C02362,East,Consumer
C02363,West,Business
C02364,North,Consumer
C02365,South,Business
C02366,East,Consumer
C02367,West,Business
C02368,North,Consumer
C02369,South,Business
C02370,East,Consumer
C02371,West,Business
C02372,North,Consumer
C02373,South,Business
C02374,East,Consumer
C02375,West,Business
C02376,North,Consumer
C02377,South,Business
C02378,East,Consumer
C02379,West,Business
C02380,North,Consumer
C02381,South,Business
C02382,East,Consumer
C02383,West,Business
C02384,North,Consumer
C02385,South,Business
C02386,East,Consumer
C02387,West,Business
C02388,North,Consumer
C02389,South,Business
C02390,East,Consumer
C02391,West,Business
C02392,North,Consumer
C02393,South,Business
C02394,East,Consumer
C02395,West,Business
C02396,North,Consumer
C02397,South,Business
C02398,East,Consumer
C02399,West,Business
C02400,North,Consumer
C02401,South,Business
C02402,East,Consumer
C02403,West,Business
C02404,North,Consumer
C02405,South,Business
C02406,East,Consumer
C02407,West,Business
C02408,North,Consumer
C02409,South,Business
C02410,East,Consumer
C02411,West,Business
C02412,North,Consumer
C02413,South,Business
C02414,East,Consumer
C02415,West,Business
C02416,North,Consumer
C02417,South,Business
C02418,East,Consumer
C02419,West,Business
C02420,North,Consumer
C02421,South,Business
C02422,East,Consumer
C02423,West,Business
C02424,North,Consumer
C02425,South,Business
C02426,East,Consumer
C02427,West,Business
C02428,North,Consumer
C02429,South,Business
C02430,East,Consumer
C02431,West,Business
C02432,North,Consumer
C02433,South,Business
C02434,East,Consumer
C02435,West,Business
C02436,North,Consumer
C02437,South,Business
C02438,East,Consumer
C02439,West,Business
C02440,North,Consumer
C02441,South,Business
C02442,East,Consumer
C02443,West,Business
C02444,North,Consumer
C02445,South,Business
C02446,East,Consumer
C02447,West,Business
C02448,North,Consumer
C02449,South,Business
C02450,East,Consumer
C02451,West,Business
C02452,North,Consumer
C02453,South,Business
C02454,East,Consumer
C02455,West,Business
C02456,North,Consumer
C02457,South,Business
C02458,East,Consumer
C02459,West,Business
C02460,North,Consumer
C02461,South,Business
C02462,East,Consumer
C02463,West,Business
C02464,North,Consumer
C02465,South,Business
C02466,East,Consumer
C02467,West,Business
C02468,North,Consumer
C02469,South,Business
C02470,East,Consumer
C02471,West,Business
C02472,North,Consumer
C02473,South,Business
C02474,East,Consumer
C02475,West,Business
C02476,North,Consumer
C02477,South,Business
C02478,East,Consumer
C02479,West,Business
C02480,North,Consumer
C02481,South,Business
C02482,East,Consumer
C02483,West,Business
C02484,North,Consumer
C02485,South,Business
C02486,East,Consumer
C02487,West,Business
C02488,North,Consumer
C02489,South,Business
C02490,East,Consumer
C02491,West,Business
C02492,North,Consumer
C02493,South,Business
C02494,East,Consumer
C02495,West,Business
C02496,North,Consumer
C02497,South,Business
C02498,East,Consumer
C02499,West,Business
C02500,North,Consumer
C02501,South,Business
C02502,East,Consumer
C02503,West,Business
C02504,North,Consumer
C02505,South,Business
C02506,East,Consumer
C02507,West,Business
C02508,North,Consumer
C02509,South,Business
C02510,East,Consumer
C02511,West,Business
C02512,North,Consumer
C02513,South,Business
C02514,East,Consumer
C02515,West,Business
C02516,North,Consumer
C02517,South,Business
C02518,East,Consumer
C02519,West,Business
C02520,North,Consumer
C02521,South,Business
C02522,East,Consumer
C02523,West,Business
C02524,North,Consumer
C02525,South,Business
C02526,East,Consumer
C02527,West,Business
C02528,North,Consumer
C02529,South,Business
C02530,East,Consumer
C02531,West,Business
C02532,North,Consumer
C02533,South,Business
C02534,East,Consumer
C02535,West,Business
C02536,North,Consumer
C02537,South,Business
C02538,East,Consumer
C02539,West,Business
C02540,North,Consumer
C02541,South,Business
C02542,East,Consumer
C02543,West,Business
C02544,North,Consumer
C02545,South,Business
C02546,East,Consumer
C02547,West,Business
C02548,North,Consumer
C02549,South,Business
C02550,East,Consumer
C02551,West,Business
C02552,North,Consumer
C02553,South,Business
C02554,East,Consumer
C02555,West,Business
C02556,North,Consumer
C02557,South,Business
C02558,East,Consumer
C02559,West,Business
C02560,North,Consumer
C02561,South,Business
C02562,East,Consumer
C02563,West,Business
C02564,North,Consumer
C02565,South,Business
C02566,East,Consumer
C02567,West,Business
C02568,North,Consumer
C02569,South,Business
C02570,East,Consumer
C02571,West,Business
C02572,North,Consumer
C02573,South,Business
C02574,East,Consumer
C02575,West,Business
C02576,North,Consumer
C02577,South,Business
C02578,East,Consumer
C02579,West,Business
C02580,North,Consumer
C02581,South,Business
C02582,East,Consumer
C02583,West,Business
C02584,North,Consumer
C02585,South,Business
C02586,East,Consumer
C02587,West,Business
C02588,North,Consumer
C02589,South,Business
C02590,East,Consumer
C02591,West,Business
C02592,North,Consumer
C02593,South,Business
C02594,East,Consumer
C02595,West,Business
C02596,North,Consumer
C02597,South,Business
C02598,East,Consumer
C02599,West,Business
C02600,North,Consumer
C02601,South,Business
C02602,East,Consumer
C02603,West,Business
C02604,North,Consumer
C02605,South,Business
C02606,East,Consumer
C02607,West,Business
C02608,North,Consumer
C02609,South,Business
C02610,East,Consumer
C02611,West,Business
C02612,North,Consumer
C02613,South,Business
C02614,East,Consumer
C02615,West,Business
C02616,North,Consumer
C02617,South,Business
C02618,East,Consumer
C02619,West,Business
C02620,North,Consumer
C02621,South,Business
C02622,East,Consumer
C02623,West,Business
C02624,North,Consumer
C02625,South,Business
C02626,East,Consumer
C02627,West,Business
C02628,North,Consumer
C02629,South,Business
C02630,East,Consumer
C02631,West,Business
C02632,North,Consumer
C02633,South,Business
C02634,East,Consumer
C02635,West,Business
C02636,North,Consumer
C02637,South,Business
C02638,East,Consumer
C02639,West,Business
C02640,North,Consumer
C02641,South,Business
C02642,East,Consumer
C02643,West,Business
C02644,North,Consumer
C02645,South,Business
C02646,East,Consumer
C02647,West,Business
C02648,North,Consumer
C02649,South,Business
C02650,East,Consumer
C02651,West,Business
C02652,North,Consumer
C02653,South,Business
C02654,East,Consumer
C02655,West,Business
C02656,North,Consumer
C02657,South,Business
C02658,East,Consumer
C02659,West,Business
C02660,North,Consumer
C02661,South,Business
C02662,East,Consumer
C02663,West,Business
C02664,North,Consumer
C02665,South,Business
C02666,East,Consumer
C02667,West,Business
C02668,North,Consumer
C02669,South,Business
C02670,East,Consumer
C02671,West,Business
C02672,North,Consumer
C02673,South,Business
C02674,East,Consumer
C02675,West,Business
C02676,North,Consumer
C02677,South,Business
C02678,East,Consumer
C02679,West,Business
C02680,North,Consumer
C02681,South,Business
C02682,East,Consumer
C02683,West,Business
C02684,North,Consumer
C02685,South,Business
C02686,East,Consumer
C02687,West,Business
C02688,North,Consumer
C02689,South,Business
C02690,East,Consumer
C02691,West,Business
C02692,North,Consumer
C02693,South,Business
C02694,East,Consumer
C02695,West,Business
C02696,North,Consumer
C02697,South,Business
C02698,East,Consumer
C02699,West,Business
C02700,North,Consumer
C02701,South,Business
C02702,East,Consumer
C02703,West,Business
C02704,North,Consumer
C02705,South,Business
C02706,East,Consumer
C02707,West,Business
C02708,North,Consumer
C02709,South,Business
C02710,East,Consumer
C02711,West,Business
C02712,North,Consumer
C02713,South,Business
C02714,East,Consumer
C02715,West,Business
C02716,North,Consumer
C02717,South,Business
C02718,East,Consumer
C02719,West,Business
C02720,North,Consumer
C02721,South,Business
C02722,East,Consumer
C02723,West,Business
C02724,North,Consumer
C02725,South,Business
C02726,East,Consumer
C02727,West,Business
C02728,North,Consumer
C02729,South,Business
C02730,East,Consumer
C02731,West,Business
C02732,North,Consumer
C02733,South,Business
C02734,East,Consumer
C02735,West,Business
C02736,North,Consumer
C02737,South,Business
C02738,East,Consumer
C02739,West,Business
C02740,North,Consumer
C02741,South,Business
C02742,East,Consumer
C02743,West,Business
C02744,North,Consumer
C02745,South,Business
C02746,East,Consumer
C02747,West,Business
C02748,North,Consumer
C02749,South,Business
C02750,East,Consumer
C02751,West,Business
C02752,North,Consumer
C02753,South,Business
C02754,East,Consumer
C02755,West,Business
C02756,North,Consumer
C02757,South,Business
C02758,East,Consumer
C02759,West,Business
C02760,North,Consumer
C02761,South,Business
C02762,East,Consumer
C02763,West,Business
C02764,North,Consumer
C02765,South,Business
C02766,East,Consumer
C02767,West,Business
C02768,North,Consumer
C02769,South,Business
C02770,East,Consumer
C02771,West,Business
C02772,North,Consumer
C02773,South,Business
C02774,East,Consumer
C02775,West,Business
C02776,North,Consumer
C02777,South,Business
C02778,East,Consumer
C02779,West,Business
C02780,North,Consumer
C02781,South,Business
C02782,East,Consumer
C02783,West,Business
C02784,North,Consumer
C02785,South,Business
C02786,East,Consumer
C02787,West,Business
C02788,North,Consumer
C02789,South,Business
C02790,East,Consumer
C02791,West,Business
C02792,North,Consumer
C02793,South,Business
C02794,East,Consumer
C02795,West,Business
C02796,North,Consumer
C02797,South,Business
C02798,East,Consumer
C02799,West,Business
C02800,North,Consumer
C02801,South,Business
C02802,East,Consumer
C02803,West,Business
C02804,North,Consumer
C02805,South,Business
C02806,East,Consumer
C02807,West,Business
C02808,North,Consumer
C02809,South,Business
C02810,East,Consumer
C02811,West,Business
C02812,North,Consumer
C02813,South,Business
C02814,East,Consumer
C02815,West,Business
C02816,North,Consumer
C02817,South,Business
C02818,East,Consumer
C02819,West,Business
C02820,North,Consumer
C02821,South,Business
C02822,East,Consumer
C02823,West,Business
C02824,North,Consumer
C02825,South,Business
C02826,East,Consumer
C02827,West,Business
C02828,North,Consumer
C02829,South,Business
C02830,East,Consumer
C02831,West,Business
C02832,North,Consumer
C02833,South,Business
C02834,East,Consumer
C02835,West,Business
C02836,North,Consumer
C02837,South,Business
C02838,East,Consumer
C02839,West,Business
C02840,North,Consumer
C02841,South,Business
C02842,East,Consumer
C02843,West,Business
C02844,North,Consumer
C02845,South,Business
C02846,East,Consumer
C02847,West,Business
C02848,North,Consumer
C02849,South,Business
C02850,East,Consumer
C02851,West,Business
C02852,North,Consumer
C02853,South,Business
C02854,East,Consumer
C02855,West,Business
C02856,North,Consumer
C02857,South,Business
C02858,East,Consumer
C02859,West,Business
C02860,North,Consumer
C02861,South,Business
C02862,East,Consumer
C02863,West,Business
C02864,North,Consumer
C02865,South,Business
C02866,East,Consumer
C02867,West,Business
C02868,North,Consumer
C02869,South,Business
C02870,East,Consumer
C02871,West,Business
C02872,North,Consumer
C02873,South,Business
C02874,East,Consumer
C02875,West,Business
C02876,North,Consumer
C02877,South,Business
C02878,East,Consumer
C02879,West,Business
C02880,North,Consumer
C02881,South,Business
C02882,East,Consumer
C02883,West,Business
C02884,North,Consumer
C02885,South,Business
C02886,East,Consumer
C02887,West,Business
C02888,North,Consumer
C02889,South,Business
C02890,East,Consumer
C02891,West,Business
C02892,North,Consumer
C02893,South,Business
C02894,East,Consumer
C02895,West,Business
C02896,North,Consumer
C02897,South,Business
C02898,East,Consumer
C02899,West,Business
C02900,North,Consumer
C02901,South,Business
C02902,East,Consumer
C02903,West,Business
C02904,North,Consumer
C02905,South,Business
C02906,East,Consumer
C02907,West,Business
C02908,North,Consumer
C02909,South,Business
C02910,East,Consumer
C02911,West,Business
C02912,North,Consumer
C02913,South,Business
C02914,East,Consumer
C02915,West,Business
C02916,North,Consumer
C02917,South,Business
C02918,East,Consumer
C02919,West,Business
C02920,North,Consumer
C02921,South,Business
C02922,East,Consumer
C02923,West,Business
C02924,North,Consumer
C02925,South,Business
C02926,East,Consumer
C02927,West,Business
C02928,North,Consumer
C02929,South,Business
C02930,East,Consumer
C02931,West,Business
C02932,North,Consumer
C02933,South,Business
C02934,East,Consumer
C02935,West,Business
C02936,North,Consumer
C02937,South,Business
C02938,East,Consumer
C02939,West,Business
C02940,North,Consumer
C02941,South,Business
C02942,East,Consumer
C02943,West,Business
C02944,North,Consumer
C02945,South,Business
C02946,East,Consumer
C02947,West,Business
C02948,North,Consumer
C02949,South,Business
C02950,East,Consumer
C02951,West,Business
C02952,North,Consumer
C02953,South,Business
C02954,East,Consumer
C02955,West,Business
C02956,North,Consumer
C02957,South,Business
C02958,East,Consumer
C02959,West,Business
C02960,North,Consumer
C02961,South,Business
C02962,East,Consumer
C02963,West,Business
C02964,North,Consumer
C02965,South,Business
C02966,East,Consumer
C02967,West,Business
C02968,North,Consumer
C02969,South,Business
C02970,East,Consumer
C02971,West,Business
C02972,North,Consumer
C02973,South,Business
C02974,East,Consumer
C02975,West,Business
C02976,North,Consumer
C02977,South,Business
C02978,East,Consumer
C02979,West,Business
C02980,North,Consumer
C02981,South,Business
C02982,East,Consumer
C02983,West,Business
C02984,North,Consumer
C02985,South,Business
C02986,East,Consumer
C02987,West,Business
C02988,North,Consumer
C02989,South,Business
C02990,East,Consumer
C02991,West,Business
C02992,North,Consumer
C02993,South,Business
C02994,East,Consumer
C02995,West,Business
C02996,North,Consumer
C02997,South,Business
C02998,East,Consumer
C02999,West,Business
C03000,North,Consumer
C03001,South,Business
C03002,East,Consumer
C03003,West,Business
C03004,North,Consumer
C03005,South,Business
C03006,East,Consumer
C03007,West,Business
C03008,North,Consumer
C03009,South,Business
C03010,East,Consumer
C03011,West,Business
C03012,North,Consumer
C03013,South,Business
C03014,East,Consumer
C03015,West,Business
C03016,North,Consumer
C03017,South,Business
C03018,East,Consumer
C03019,West,Business
C03020,North,Consumer
C03021,South,Business
C03022,East,Consumer
C03023,West,Business
C03024,North,Consumer
C03025,South,Business
C03026,East,Consumer
C03027,West,Business
C03028,North,Consumer
C03029,South,Business
C03030,East,Consumer
C03031,West,Business
C03032,North,Consumer
C03033,South,Business
C03034,East,Consumer
C03035,West,Business
C03036,North,Consumer
C03037,South,Business
C03038,East,Consumer
C03039,West,Business
C03040,North,Consumer
C03041,South,Business
C03042,East,Consumer
C03043,West,Business
C03044,North,Consumer
C03045,South,Business
C03046,East,Consumer
C03047,West,Business
C03048,North,Consumer
C03049,South,Business
C03050,East,Consumer
C03051,West,Business
C03052,North,Consumer
C03053,South,Business
C03054,East,Consumer
C03055,West,Business
C03056,North,Consumer
C03057,South,Business
C03058,East,Consumer
C03059,West,Business
C03060,North,Consumer
C03061,South,Business
C03062,East,Consumer
C03063,West,Business
C03064,North,Consumer
C03065,South,Business
C03066,East,Consumer
C03067,West,Business
C03068,North,Consumer
C03069,South,Business
C03070,East,Consumer
C03071,West,Business
C03072,North,Consumer
C03073,South,Business
C03074,East,Consumer
C03075,West,Business
C03076,North,Consumer
C03077,South,Business
C03078,East,Consumer
C03079,West,Business
C03080,North,Consumer
C03081,South,Business
C03082,East,Consumer
C03083,West,Business
C03084,North,Consumer
C03085,South,Business
C03086,East,Consumer
C03087,West,Business
C03088,North,Consumer
C03089,South,Business
C03090,East,Consumer
C03091,West,Business
C03092,North,Consumer
C03093,South,Business
C03094,East,Consumer
C03095,West,Business
C03096,North,Consumer
C03097,South,Business
C03098,East,Consumer
C03099,West,Business
C03100,North,Consumer
C03101,South,Business
C03102,East,Consumer
C03103,West,Business
C03104,North,Consumer
C03105,South,Business
C03106,East,Consumer
C03107,West,Business
C03108,North,Consumer
C03109,South,Business
C03110,East,Consumer
C03111,West,Business
C03112,North,Consumer
C03113,South,Business
C03114,East,Consumer
C03115,West,Business
C03116,North,Consumer
C03117,South,Business
C03118,East,Consumer
C03119,West,Business
C03120,North,Consumer
C03121,South,Business
C03122,East,Consumer
C03123,West,Business
C03124,North,Consumer
C03125,South,Business
C03126,East,Consumer
C03127,West,Business
C03128,North,Consumer
C03129,South,Business
C03130,East,Consumer
C03131,West,Business
C03132,North,Consumer
C03133,South,Business
C03134,East,Consumer
C03135,West,Business
C03136,North,Consumer
C03137,South,Business
C03138,East,Consumer
C03139,West,Business
C03140,North,Consumer
C03141,South,Business
C03142,East,Consumer
C03143,West,Business
C03144,North,Consumer
C03145,South,Business
C03146,East,Consumer
C03147,West,Business
C03148,North,Consumer
C03149,South,Business
C03150,East,Consumer
C03151,West,Business
C03152,North,Consumer
C03153,South,Business
C03154,East,Consumer
C03155,West,Business
C03156,North,Consumer
C03157,South,Business
C03158,East,Consumer
C03159,West,Business
C03160,North,Consumer
C03161,South,Business
C03162,East,Consumer
C03163,West,Business
C03164,North,Consumer
C03165,South,Business
C03166,East,Consumer
C03167,West,Business
C03168,North,Consumer
C03169,South,Business
C03170,East,Consumer
C03171,West,Business
C03172,North,Consumer
C03173,South,Business
C03174,East,Consumer
C03175,West,Business
C03176,North,Consumer
C03177,South,Business
C03178,East,Consumer
C03179,West,Business
C03180,North,Consumer
C03181,South,Business
C03182,East,Consumer
C03183,West,Business
C03184,North,Consumer
C03185,South,Business
C03186,East,Consumer
C03187,West,Business
C03188,North,Consumer
C03189,South,Business
C03190,East,Consumer
C03191,West,Business
C03192,North,Consumer
C03193,South,Business
C03194,East,Consumer
C03195,West,Business
C03196,North,Consumer
C03197,South,Business
C03198,East,Consumer
C03199,West,Business
C03200,North,Consumer
C03201,South,Business
C03202,East,Consumer
C03203,West,Business
C03204,North,Consumer
C03205,South,Business
C03206,East,Consumer
C03207,West,Business
C03208,North,Consumer
C03209,South,Business
C03210,East,Consumer
C03211,West,Business
C03212,North,Consumer
C03213,South,Business
C03214,East,Consumer
C03215,West,Business
C03216,North,Consumer
C03217,South,Business
C03218,East,Consumer
C03219,West,Business
C03220,North,Consumer
C03221,South,Business
C03222,East,Consumer
C03223,West,Business
C03224,North,Consumer
C03225,South,Business
C03226,East,Consumer
C03227,West,Business
C03228,North,Consumer
C03229,South,Business
C03230,East,Consumer
C03231,West,Business
C03232,North,Consumer
C03233,South,Business
C03234,East,Consumer
C03235,West,Business
C03236,North,Consumer
C03237,South,Business
C03238,East,Consumer
C03239,West,Business
C03240,North,Consumer
C03241,South,Business
C03242,East,Consumer
C03243,West,Business
C03244,North,Consumer
C03245,South,Business
C03246,East,Consumer
C03247,West,Business
C03248,North,Consumer
C03249,South,Business
C03250,East,Consumer
C03251,West,Business
C03252,North,Consumer
C03253,South,Business
C03254,East,Consumer
C03255,West,Business
C03256,North,Consumer
C03257,South,Business
C03258,East,Consumer
C03259,West,Business
C03260,North,Consumer
C03261,South,Business
C03262,East,Consumer
C03263,West,Business
C03264,North,Consumer
C03265,South,Business
C03266,East,Consumer
C03267,West,Business
C03268,North,Consumer
C03269,South,Business
C03270,East,Consumer
C03271,West,Business
C03272,North,Consumer
C03273,South,Business
C03274,East,Consumer
C03275,West,Business
C03276,North,Consumer
C03277,South,Business
C03278,East,Consumer
C03279,West,Business
C03280,North,Consumer
C03281,South,Business
C03282,East,Consumer
C03283,West,Business
C03284,North,Consumer
C03285,South,Business
C03286,East,Consumer
C03287,West,Business
C03288,North,Consumer
C03289,South,Business
C03290,East,Consumer
C03291,West,Business
C03292,North,Consumer
C03293,South,Business
C03294,East,Consumer
C03295,West,Business
C03296,North,Consumer
C03297,South,Business
C03298,East,Consumer
C03299,West,Business
C03300,North,Consumer
C03301,South,Business
C03302,East,Consumer
C03303,West,Business
C03304,North,Consumer
C03305,South,Business
C03306,East,Consumer
C03307,West,Business
C03308,North,Consumer
C03309,South,Business
C03310,East,Consumer
C03311,West,Business
C03312,North,Consumer
C03313,South,Business
C03314,East,Consumer
C03315,West,Business
C03316,North,Consumer
C03317,South,Business
C03318,East,Consumer
C03319,West,Business
C03320,North,Consumer
C03321,South,Business
C03322,East,Consumer
C03323,West,Business
C03324,North,Consumer
C03325,South,Business
C03326,East,Consumer
C03327,West,Business
C03328,North,Consumer
C03329,South,Business
C03330,East,Consumer
C03331,West,Business
C03332,North,Consumer
C03333,South,Business
C03334,East,Consumer
C03335,West,Business
C03336,North,Consumer
C03337,South,Business
C03338,East,Consumer
C03339,West,Business
C03340,North,Consumer
C03341,South,Business
C03342,East,Consumer
C03343,West,Business
C03344,North,Consumer
C03345,South,Business
C03346,East,Consumer
C03347,West,Business
C03348,North,Consumer
C03349,South,Business
C03350,East,Consumer
C03351,West,Business
C03352,North,Consumer
C03353,South,Business
C03354,East,Consumer
C03355,West,Business
C03356,North,Consumer
C03357,South,Business
C03358,East,Consumer
C03359,West,Business
C03360,North,Consumer
C03361,South,Business
C03362,East,Consumer
C03363,West,Business
C03364,North,Consumer
C03365,South,Business
C03366,East,Consumer
C03367,West,Business
C03368,North,Consumer
C03369,South,Business
C03370,East,Consumer
C03371,West,Business
C03372,North,Consumer
C03373,South,Business
C03374,East,Consumer
C03375,West,Business
C03376,North,Consumer
C03377,South,Business
C03378,East,Consumer
C03379,West,Business
C03380,North,Consumer
C03381,South,Business
C03382,East,Consumer
C03383,West,Business
C03384,North,Consumer
C03385,South,Business
C03386,East,Consumer
C03387,West,Business
C03388,North,Consumer
C03389,South,Business
C03390,East,Consumer
C03391,West,Business
C03392,North,Consumer
C03393,South,Business
C03394,East,Consumer
C03395,West,Business
C03396,North,Consumer
C03397,South,Business
C03398,East,Consumer
C03399,West,Business
C03400,North,Consumer
C03401,South,Business
C03402,East,Consumer
C03403,West,Business
C03404,North,Consumer
C03405,South,Business
C03406,East,Consumer
C03407,West,Business
C03408,North,Consumer
C03409,South,Business
C03410,East,Consumer
C03411,West,Business
C03412,North,Consumer
C03413,South,Business
C03414,East,Consumer
C03415,West,Business
C03416,North,Consumer
C03417,South,Business
C03418,East,Consumer
C03419,West,Business
C03420,North,Consumer
C03421,South,Business
C03422,East,Consumer
C03423,West,Business
C03424,North,Consumer
C03425,South,Business
C03426,East,Consumer
C03427,West,Business
C03428,North,Consumer
C03429,South,Business
C03430,East,Consumer
C03431,West,Business
C03432,North,Consumer
C03433,South,Business
C03434,East,Consumer
C03435,West,Business
C03436,North,Consumer
C03437,South,Business
C03438,East,Consumer
C03439,West,Business
C03440,North,Consumer
C03441,South,Business
C03442,East,Consumer
C03443,West,Business
C03444,North,Consumer
C03445,South,Business
C03446,East,Consumer
C03447,West,Business
C03448,North,Consumer
C03449,South,Business
C03450,East,Consumer
C03451,West,Business
C03452,North,Consumer
C03453,South,Business
C03454,East,Consumer
C03455,West,Business
C03456,North,Consumer
C03457,South,Business
C03458,East,Consumer
C03459,West,Business
C03460,North,Consumer
C03461,South,Business
C03462,East,Consumer
C03463,West,Business
C03464,North,Consumer
C03465,South,Business
C03466,East,Consumer
C03467,West,Business
C03468,North,Consumer
C03469,South,Business
C03470,East,Consumer
C03471,West,Business
C03472,North,Consumer
C03473,South,Business
C03474,East,Consumer
C03475,West,Business
C03476,North,Consumer
C03477,South,Business
C03478,East,Consumer
C03479,West,Business
C03480,North,Consumer
C03481,South,Business
C03482,East,Consumer
C03483,West,Business
C03484,North,Consumer
C03485,South,Business
C03486,East,Consumer
C03487,West,Business
C03488,North,Consumer
C03489,South,Business
C03490,East,Consumer
C03491,West,Business
C03492,North,Consumer
C03493,South,Business
C03494,East,Consumer
C03495,West,Business
C03496,North,Consumer
C03497,South,Business
C03498,East,Consumer
C03499,West,Business
C03500,North,Consumer
C03501,South,Business
C03502,East,Consumer
C03503,West,Business
C03504,North,Consumer
C03505,South,Business
C03506,East,Consumer
C03507,West,Business
C03508,North,Consumer
C03509,South,Business
C03510,East,Consumer
C03511,West,Business
C03512,North,Consumer
C03513,South,Business
C03514,East,Consumer
C03515,West,Business
C03516,North,Consumer
C03517,South,Business
C03518,East,Consumer
C03519,West,Business
C03520,North,Consumer
C03521,South,Business
C03522,East,Consumer
C03523,West,Business
C03524,North,Consumer
C03525,South,Business
C03526,East,Consumer
C03527,West,Business
C03528,North,Consumer
C03529,South,Business
C03530,East,Consumer
C03531,West,Business
C03532,North,Consumer
C03533,South,Business
C03534,East,Consumer
C03535,West,Business
C03536,North,Consumer
C03537,South,Business
C03538,East,Consumer
C03539,West,Business
C03540,North,Consumer
C03541,South,Business
C03542,East,Consumer
C03543,West,Business
C03544,North,Consumer
C03545,South,Business
C03546,East,Consumer
C03547,West,Business
C03548,North,Consumer
C03549,South,Business
C03550,East,Consumer
C03551,West,Business
C03552,North,Consumer
C03553,South,Business
C03554,East,Consumer
C03555,West,Business
C03556,North,Consumer
C03557,South,Business
C03558,East,Consumer
C03559,West,Business
C03560,North,Consumer
C03561,South,Business
C03562,East,Consumer
C03563,West,Business
C03564,North,Consumer
C03565,South,Business
C03566,East,Consumer
C03567,West,Business
C03568,North,Consumer
C03569,South,Business
C03570,East,Consumer
C03571,West,Business
C03572,North,Consumer
C03573,South,Business
C03574,East,Consumer
C03575,West,Business
C03576,North,Consumer
C03577,South,Business
C03578,East,Consumer
C03579,West,Business
C03580,North,Consumer
C03581,South,Business
C03582,East,Consumer
C03583,West,Business
C03584,North,Consumer
C03585,South,Business
C03586,East,Consumer
C03587,West,Business
C03588,North,Consumer
C03589,South,Business
C03590,East,Consumer
C03591,West,Business
C03592,North,Consumer
C03593,South,Business
C03594,East,Consumer
C03595,West,Business
C03596,North,Consumer
C03597,South,Business
C03598,East,Consumer
C03599,West,Business
C03600,North,Consumer
C03601,South,Business
C03602,East,Consumer
C03603,West,Business
C03604,North,Consumer
C03605,South,Business
C03606,East,Consumer
C03607,West,Business
C03608,North,Consumer
C03609,South,Business
C03610,East,Consumer
C03611,West,Business
C03612,North,Consumer
C03613,South,Business
C03614,East,Consumer
C03615,West,Business
C03616,North,Consumer
C03617,South,Business
C03618,East,Consumer
C03619,West,Business
C03620,North,Consumer
C03621,South,Business
C03622,East,Consumer
C03623,West,Business
C03624,North,Consumer
C03625,South,Business
C03626,East,Consumer
C03627,West,Business
C03628,North,Consumer
C03629,South,Business
C03630,East,Consumer
C03631,West,Business
C03632,North,Consumer
C03633,South,Business
C03634,East,Consumer
C03635,West,Business
C03636,North,Consumer
C03637,South,Business
C03638,East,Consumer
C03639,West,Business
C03640,North,Consumer
C03641,South,Business
C03642,East,Consumer
C03643,West,Business
C03644,North,Consumer
C03645,South,Business
C03646,East,Consumer
C03647,West,Business
C03648,North,Consumer
C03649,South,Business
C03650,East,Consumer
C03651,West,Business
C03652,North,Consumer
C03653,South,Business
C03654,East,Consumer
C03655,West,Business
C03656,North,Consumer
C03657,South,Business
C03658,East,Consumer
C03659,West,Business
C03660,North,Consumer
C03661,South,Business
C03662,East,Consumer
C03663,West,Business
C03664,North,Consumer
C03665,South,Business
C03666,East,Consumer
C03667,West,Business
C03668,North,Consumer
C03669,South,Business
C03670,East,Consumer
C03671,West,Business
C03672,North,Consumer
C03673,South,Business
C03674,East,Consumer
C03675,West,Business
C03676,North,Consumer
C03677,South,Business
C03678,East,Consumer
C03679,West,Business
C03680,North,Consumer
C03681,South,Business
C03682,East,Consumer
C03683,West,Business
C03684,North,Consumer
C03685,South,Business
C03686,East,Consumer
C03687,West,Business
C03688,North,Consumer
C03689,South,Business
C03690,East,Consumer
C03691,West,Business
C03692,North,Consumer
C03693,South,Business
C03694,East,Consumer
C03695,West,Business
C03696,North,Consumer
C03697,South,Business
C03698,East,Consumer
C03699,West,Business
C03700,North,Consumer
C03701,South,Business
C03702,East,Consumer
C03703,West,Business
C03704,North,Consumer
C03705,South,Business
C03706,East,Consumer
C03707,West,Business
C03708,North,Consumer
C03709,South,Business
C03710,East,Consumer
C03711,West,Business
C03712,North,Consumer
C03713,South,Business
C03714,East,Consumer
C03715,West,Business
C03716,North,Consumer
C03717,South,Business
C03718,East,Consumer
C03719,West,Business
C03720,North,Consumer
C03721,South,Business
C03722,East,Consumer
C03723,West,Business
C03724,North,Consumer
C03725,South,Business
C03726,East,Consumer
C03727,West,Business
C03728,North,Consumer
C03729,South,Business
C03730,East,Consumer
C03731,West,Business
C03732,North,Consumer
C03733,South,Business
C03734,East,Consumer
C03735,West,Business
C03736,North,Consumer
C03737,South,Business
C03738,East,Consumer
C03739,West,Business
C03740,North,Consumer
C03741,South,Business
C03742,East,Consumer
C03743,West,Business
C03744,North,Consumer
C03745,South,Business
C03746,East,Consumer
C03747,West,Business
C03748,North,Consumer
C03749,South,Business
C03750,East,Consumer
C03751,West,Business
C03752,North,Consumer
C03753,South,Business
C03754,East,Consumer
C03755,West,Business
C03756,North,Consumer
C03757,South,Business
C03758,East,Consumer
C03759,West,Business
C03760,North,Consumer
C03761,South,Business
C03762,East,Consumer
C03763,West,Business
C03764,North,Consumer
C03765,South,Business
C03766,East,Consumer
C03767,West,Business
C03768,North,Consumer
C03769,South,Business
C03770,East,Consumer
C03771,West,Business
C03772,North,Consumer
C03773,South,Business
C03774,East,Consumer
C03775,West,Business
C03776,North,Consumer
C03777,South,Business
C03778,East,Consumer
C03779,West,Business
C03780,North,Consumer
C03781,South,Business
C03782,East,Consumer
C03783,West,Business
C03784,North,Consumer
C03785,South,Business
C03786,East,Consumer
C03787,West,Business
C03788,North,Consumer
C03789,South,Business
C03790,East,Consumer
C03791,West,Business
C03792,North,Consumer
C03793,South,Business
C03794,East,Consumer
C03795,West,Business
C03796,North,Consumer
C03797,South,Business
C03798,East,Consumer
C03799,West,Business
C03800,North,Consumer
C03801,South,Business
C03802,East,Consumer
C03803,West,Business
C03804,North,Consumer
C03805,South,Business
C03806,East,Consumer
C03807,West,Business
C03808,North,Consumer
C03809,South,Business
C03810,East,Consumer
C03811,West,Business
C03812,North,Consumer
C03813,South,Business
C03814,East,Consumer
C03815,West,Business
C03816,North,Consumer
C03817,South,Business
C03818,East,Consumer
C03819,West,Business
C03820,North,Consumer
C03821,South,Business
C03822,East,Consumer
C03823,West,Business
C03824,North,Consumer
C03825,South,Business
C03826,East,Consumer
C03827,West,Business
C03828,North,Consumer
C03829,South,Business
C03830,East,Consumer
C03831,West,Business
C03832,North,Consumer
C03833,South,Business
C03834,East,Consumer
C03835,West,Business
C03836,North,Consumer
C03837,South,Business
C03838,East,Consumer
C03839,West,Business
C03840,North,Consumer
C03841,South,Business
C03842,East,Consumer
C03843,West,Business
C03844,North,Consumer
C03845,South,Business
C03846,East,Consumer
C03847,West,Business
C03848,North,Consumer
C03849,South,Business
C03850,East,Consumer
C03851,West,Business
C03852,North,Consumer
C03853,South,Business
C03854,East,Consumer
C03855,West,Business
C03856,North,Consumer
C03857,South,Business
C03858,East,Consumer
C03859,West,Business
C03860,North,Consumer
C03861,South,Business
C03862,East,Consumer
C03863,West,Business
C03864,North,Consumer
C03865,South,Business
C03866,East,Consumer
C03867,West,Business
C03868,North,Consumer
C03869,South,Business
C03870,East,Consumer
C03871,West,Business
C03872,North,Consumer
C03873,South,Business
C03874,East,Consumer
C03875,West,Business
C03876,North,Consumer
C03877,South,Business
C03878,East,Consumer
C03879,West,Business
C03880,North,Consumer
C03881,South,Business
C03882,East,Consumer
C03883,West,Business
C03884,North,Consumer
C03885,South,Business
C03886,East,Consumer
C03887,West,Business
C03888,North,Consumer
C03889,South,Business
C03890,East,Consumer
C03891,West,Business
C03892,North,Consumer
C03893,South,Business
C03894,East,Consumer
C03895,West,Business
C03896,North,Consumer
C03897,South,Business
C03898,East,Consumer
C03899,West,Business
C03900,North,Consumer
C03901,South,Business
C03902,East,Consumer
C03903,West,Business
C03904,North,Consumer
C03905,South,Business
C03906,East,Consumer
C03907,West,Business
C03908,North,Consumer
C03909,South,Business
C03910,East,Consumer
C03911,West,Business
C03912,North,Consumer
C03913,South,Business
C03914,East,Consumer
C03915,West,Business
C03916,North,Consumer
C03917,South,Business
C03918,East,Consumer
C03919,West,Business
C03920,North,Consumer
C03921,South,Business
C03922,East,Consumer
C03923,West,Business
C03924,North,Consumer
C03925,South,Business
C03926,East,Consumer
C03927,West,Business
C03928,North,Consumer
C03929,South,Business
C03930,East,Consumer
C03931,West,Business
C03932,North,Consumer
C03933,South,Business
C03934,East,Consumer
C03935,West,Business
C03936,North,Consumer
C03937,South,Business
C03938,East,Consumer
C03939,West,Business
C03940,North,Consumer
C03941,South,Business
C03942,East,Consumer
C03943,West,Business
C03944,North,Consumer
C03945,South,Business
C03946,East,Consumer
C03947,West,Business
C03948,North,Consumer
C03949,South,Business
C03950,East,Consumer
C03951,West,Business
C03952,North,Consumer
C03953,South,Business
C03954,East,Consumer
C03955,West,Business
C03956,North,Consumer
C03957,South,Business
C03958,East,Consumer
C03959,West,Business
C03960,North,Consumer
C03961,South,Business
C03962,East,Consumer
C03963,West,Business
C03964,North,Consumer
C03965,South,Business
C03966,East,Consumer
C03967,West,Business
C03968,North,Consumer
C03969,South,Business
C03970,East,Consumer
C03971,West,Business
C03972,North,Consumer
C03973,South,Business
C03974,East,Consumer
C03975,West,Business
C03976,North,Consumer
C03977,South,Business
C03978,East,Consumer
C03979,West,Business
C03980,North,Consumer
C03981,South,Business
C03982,East,Consumer
C03983,West,Business
C03984,North,Consumer
C03985,South,Business
C03986,East,Consumer
C03987,West,Business
C03988,North,Consumer
C03989,South,Business
C03990,East,Consumer
C03991,West,Business
C03992,North,Consumer
C03993,South,Business
C03994,East,Consumer
C03995,West,Business
C03996,North,Consumer
C03997,South,Business
C03998,East,Consumer
C03999,West,Business
C04000,North,Consumer
C04001,South,Business
C04002,East,Consumer
C04003,West,Business
C04004,North,Consumer
C04005,South,Business
C04006,East,Consumer
C04007,West,Business
C04008,North,Consumer
C04009,South,Business
C04010,East,Consumer
C04011,West,Business
C04012,North,Consumer
C04013,South,Business
C04014,East,Consumer
C04015,West,Business
C04016,North,Consumer
C04017,South,Business
C04018,East,Consumer
C04019,West,Business
C04020,North,Consumer
C04021,South,Business
C04022,East,Consumer
C04023,West,Business
C04024,North,Consumer
C04025,South,Business
C04026,East,Consumer
C04027,West,Business
C04028,North,Consumer
C04029,South,Business
C04030,East,Consumer
C04031,West,Business
C04032,North,Consumer
C04033,South,Business
C04034,East,Consumer
C04035,West,Business
C04036,North,Consumer
C04037,South,Business
C04038,East,Consumer
C04039,West,Business
C04040,North,Consumer
C04041,South,Business
C04042,East,Consumer
C04043,West,Business
C04044,North,Consumer
C04045,South,Business
C04046,East,Consumer
C04047,West,Business
C04048,North,Consumer
C04049,South,Business
C04050,East,Consumer
C04051,West,Business
C04052,North,Consumer
C04053,South,Business
C04054,East,Consumer
C04055,West,Business
C04056,North,Consumer
C04057,South,Business
C04058,East,Consumer
C04059,West,Business
C04060,North,Consumer
C04061,South,Business
C04062,East,Consumer
C04063,West,Business
C04064,North,Consumer
C04065,South,Business
C04066,East,Consumer
C04067,West,Business
C04068,North,Consumer
C04069,South,Business
C04070,East,Consumer
C04071,West,Business
C04072,North,Consumer
C04073,South,Business
C04074,East,Consumer
C04075,West,Business
C04076,North,Consumer
C04077,South,Business
C04078,East,Consumer
C04079,West,Business
C04080,North,Consumer
C04081,South,Business
C04082,East,Consumer
C04083,West,Business
C04084,North,Consumer
C04085,South,Business
C04086,East,Consumer
C04087,West,Business
C04088,North,Consumer
C04089,South,Business
C04090,East,Consumer
C04091,West,Business
C04092,North,Consumer
C04093,South,Business
C04094,East,Consumer
C04095,West,Business
C04096,North,Consumer
C04097,South,Business
C04098,East,Consumer
C04099,West,Business
C04100,North,Consumer
C04101,South,Business
C04102,East,Consumer
C04103,West,Business
C04104,North,Consumer
C04105,South,Business
C04106,East,Consumer
C04107,West,Business
C04108,North,Consumer
C04109,South,Business
C04110,East,Consumer
C04111,West,Business
C04112,North,Consumer
C04113,South,Business
C04114,East,Consumer
C04115,West,Business
C04116,North,Consumer
C04117,South,Business
C04118,East,Consumer
C04119,West,Business
C04120,North,Consumer
C04121,South,Business
C04122,East,Consumer
C04123,West,Business
C04124,North,Consumer
C04125,South,Business
C04126,East,Consumer
C04127,West,Business
C04128,North,Consumer
C04129,South,Business
C04130,East,Consumer
C04131,West,Business
C04132,North,Consumer
C04133,South,Business
C04134,East,Consumer
C04135,West,Business
C04136,North,Consumer
C04137,South,Business
C04138,East,Consumer
C04139,West,Business
C04140,North,Consumer
C04141,South,Business
C04142,East,Consumer
C04143,West,Business
C04144,North,Consumer
C04145,South,Business
C04146,East,Consumer
C04147,West,Business
C04148,North,Consumer
C04149,South,Business
C04150,East,Consumer
C04151,West,Business
C04152,North,Consumer
C04153,South,Business
C04154,East,Consumer
C04155,West,Business
C04156,North,Consumer
C04157,South,Business
C04158,East,Consumer
C04159,West,Business
C04160,North,Consumer
C04161,South,Business
C04162,East,Consumer
C04163,West,Business
C04164,North,Consumer
C04165,South,Business
C04166,East,Consumer
C04167,West,Business
C04168,North,Consumer
C04169,South,Business
C04170,East,Consumer
C04171,West,Business
C04172,North,Consumer
C04173,South,Business
C04174,East,Consumer
C04175,West,Business
C04176,North,Consumer
C04177,South,Business
C04178,East,Consumer
C04179,West,Business
C04180,North,Consumer
C04181,South,Business
C04182,East,Consumer
C04183,West,Business
C04184,North,Consumer
C04185,South,Business
C04186,East,Consumer
C04187,West,Business
C04188,North,Consumer
C04189,South,Business
C04190,East,Consumer
C04191,West,Business
C04192,North,Consumer
C04193,South,Business
C04194,East,Consumer
C04195,West,Business
C04196,North,Consumer
C04197,South,Business
C04198,East,Consumer
C04199,West,Business
C04200,North,Consumer
C04201,South,Business
C04202,East,Consumer
C04203,West,Business
C04204,North,Consumer
C04205,South,Business
C04206,East,Consumer
C04207,West,Business
C04208,North,Consumer
C04209,South,Business
C04210,East,Consumer
C04211,West,Business
C04212,North,Consumer
C04213,South,Business
C04214,East,Consumer
C04215,West,Business
C04216,North,Consumer
C04217,South,Business
C04218,East,Consumer
C04219,West,Business
C04220,North,Consumer
C04221,South,Business
C04222,East,Consumer
C04223,West,Business
C04224,North,Consumer
C04225,South,Business
C04226,East,Consumer
C04227,West,Business
C04228,North,Consumer
C04229,South,Business
C04230,East,Consumer
C04231,West,Business
C04232,North,Consumer
C04233,South,Business
C04234,East,Consumer
C04235,West,Business
C04236,North,Consumer
C04237,South,Business
C04238,East,Consumer
C04239,West,Business
C04240,North,Consumer
C04241,South,Business
C04242,East,Consumer
C04243,West,Business
C04244,North,Consumer
C04245,South,Business
C04246,East,Consumer
C04247,West,Business
C04248,North,Consumer
C04249,South,Business
C04250,East,Consumer
C04251,West,Business
C04252,North,Consumer
C04253,South,Business
C04254,East,Consumer
C04255,West,Business
C04256,North,Consumer
C04257,South,Business
C04258,East,Consumer
C04259,West,Business
C04260,North,Consumer
C04261,South,Business
C04262,East,Consumer
C04263,West,Business
C04264,North,Consumer
C04265,South,Business
C04266,East,Consumer
C04267,West,Business
C04268,North,Consumer
C04269,South,Business
C04270,East,Consumer
C04271,West,Business
C04272,North,Consumer
C04273,South,Business
C04274,East,Consumer
C04275,West,Business
C04276,North,Consumer
C04277,South,Business
C04278,East,Consumer
C04279,West,Business
C04280,North,Consumer
C04281,South,Business
C04282,East,Consumer
C04283,West,Business
C04284,North,Consumer
C04285,South,Business
C04286,East,Consumer
C04287,West,Business
C04288,North,Consumer
C04289,South,Business
C04290,East,Consumer
C04291,West,Business
C04292,North,Consumer
C04293,South,Business
C04294,East,Consumer
C04295,West,Business
C04296,North,Consumer
C04297,South,Business
C04298,East,Consumer
C04299,West,Business
C04300,North,Consumer
C04301,South,Business
C04302,East,Consumer
C04303,West,Business
C04304,North,Consumer
C04305,South,Business
C04306,East,Consumer
C04307,West,Business
C04308,North,Consumer
C04309,South,Business
C04310,East,Consumer
C04311,West,Business
C04312,North,Consumer
C04313,South,Business
C04314,East,Consumer
C04315,West,Business
C04316,North,Consumer
C04317,South,Business
C04318,East,Consumer
C04319,West,Business
C04320,North,Consumer
C04321,South,Business
C04322,East,Consumer
C04323,West,Business
C04324,North,Consumer
C04325,South,Business
C04326,East,Consumer
C04327,West,Business
C04328,North,Consumer
C04329,South,Business
C04330,East,Consumer
C04331,West,Business
C04332,North,Consumer
C04333,South,Business
C04334,East,Consumer
C04335,West,Business
C04336,North,Consumer
C04337,South,Business
C04338,East,Consumer
C04339,West,Business
C04340,North,Consumer
C04341,South,Business
C04342,East,Consumer
C04343,West,Business
C04344,North,Consumer
C04345,South,Business
C04346,East,Consumer
C04347,West,Business
C04348,North,Consumer
C04349,South,Business
C04350,East,Consumer
C04351,West,Business
C04352,North,Consumer
C04353,South,Business
C04354,East,Consumer
C04355,West,Business
C04356,North,Consumer
C04357,South,Business
C04358,East,Consumer
C04359,West,Business
C04360,North,Consumer
C04361,South,Business
C04362,East,Consumer
C04363,West,Business
C04364,North,Consumer
C04365,South,Business
C04366,East,Consumer
C04367,West,Business
C04368,North,Consumer
C04369,South,Business
C04370,East,Consumer
C04371,West,Business
C04372,North,Consumer
C04373,South,Business
C04374,East,Consumer
C04375,West,Business
C04376,North,Consumer
C04377,South,Business
C04378,East,Consumer
C04379,West,Business
C04380,North,Consumer
C04381,South,Business
C04382,East,Consumer
C04383,West,Business
C04384,North,Consumer
C04385,South,Business
C04386,East,Consumer
C04387,West,Business
C04388,North,Consumer
C04389,South,Business
C04390,East,Consumer
C04391,West,Business
C04392,North,Consumer
C04393,South,Business
C04394,East,Consumer
C04395,West,Business
C04396,North,Consumer
C04397,South,Business
C04398,East,Consumer
C04399,West,Business
C04400,North,Consumer
C04401,South,Business
C04402,East,Consumer
C04403,West,Business
C04404,North,Consumer
C04405,South,Business
C04406,East,Consumer
C04407,West,Business
C04408,North,Consumer
C04409,South,Business
C04410,East,Consumer
C04411,West,Business
C04412,North,Consumer
C04413,South,Business
C04414,East,Consumer
C04415,West,Business
C04416,North,Consumer
C04417,South,Business
C04418,East,Consumer
C04419,West,Business
C04420,North,Consumer
C04421,South,Business
C04422,East,Consumer
C04423,West,Business
C04424,North,Consumer
C04425,South,Business
C04426,East,Consumer
C04427,West,Business
C04428,North,Consumer
C04429,South,Business
C04430,East,Consumer
C04431,West,Business
C04432,North,Consumer
C04433,South,Business
C04434,East,Consumer
C04435,West,Business
C04436,North,Consumer
C04437,South,Business
C04438,East,Consumer
C04439,West,Business
C04440,North,Consumer
C04441,South,Business
C04442,East,Consumer
C04443,West,Business
C04444,North,Consumer
C04445,South,Business
C04446,East,Consumer
C04447,West,Business
C04448,North,Consumer
C04449,South,Business
C04450,East,Consumer
C04451,West,Business
C04452,North,Consumer
C04453,South,Business
C04454,East,Consumer
C04455,West,Business
C04456,North,Consumer
C04457,South,Business
C04458,East,Consumer
C04459,West,Business
C04460,North,Consumer
C04461,South,Business
C04462,East,Consumer
C04463,West,Business
C04464,North,Consumer
C04465,South,Business
C04466,East,Consumer
C04467,West,Business
C04468,North,Consumer
C04469,South,Business
C04470,East,Consumer
C04471,West,Business
C04472,North,Consumer
C04473,South,Business
C04474,East,Consumer
C04475,West,Business
C04476,North,Consumer
C04477,South,Business
C04478,East,Consumer
C04479,West,Business
C04480,North,Consumer
C04481,South,Business
C04482,East,Consumer
C04483,West,Business
C04484,North,Consumer
C04485,South,Business
C04486,East,Consumer
C04487,West,Business
C04488,North,Consumer
C04489,South,Business
C04490,East,Consumer
C04491,West,Business
C04492,North,Consumer
C04493,South,Business
C04494,East,Consumer
C04495,West,Business
C04496,North,Consumer
C04497,South,Business
C04498,East,Consumer
C04499,West,Business
C04500,North,Consumer
C04501,South,Business
C04502,East,Consumer
C04503,West,Business
C04504,North,Consumer
C04505,South,Business
C04506,East,Consumer
C04507,West,Business
C04508,North,Consumer
C04509,South,Business
C04510,East,Consumer
C04511,West,Business
C04512,North,Consumer
C04513,South,Business
C04514,East,Consumer
C04515,West,Business
C04516,North,Consumer
C04517,South,Business
C04518,East,Consumer
C04519,West,Business
C04520,North,Consumer
C04521,South,Business
C04522,East,Consumer
C04523,West,Business
C04524,North,Consumer
C04525,South,Business
C04526,East,Consumer
C04527,West,Business
C04528,North,Consumer
C04529,South,Business
C04530,East,Consumer
C04531,West,Business
C04532,North,Consumer
C04533,South,Business
C04534,East,Consumer
C04535,West,Business
C04536,North,Consumer
C04537,South,Business
C04538,East,Consumer
C04539,West,Business
C04540,North,Consumer
C04541,South,Business
C04542,East,Consumer
C04543,West,Business
C04544,North,Consumer
C04545,South,Business
C04546,East,Consumer
C04547,West,Business
C04548,North,Consumer
C04549,South,Business
C04550,East,Consumer
C04551,West,Business
C04552,North,Consumer
C04553,South,Business
C04554,East,Consumer
C04555,West,Business
C04556,North,Consumer
C04557,South,Business
C04558,East,Consumer
C04559,West,Business
C04560,North,Consumer
C04561,South,Business
C04562,East,Consumer
C04563,West,Business
C04564,North,Consumer
C04565,South,Business
C04566,East,Consumer
C04567,West,Business
C04568,North,Consumer
C04569,South,Business
C04570,East,Consumer
C04571,West,Business
C04572,North,Consumer
C04573,South,Business
C04574,East,Consumer
C04575,West,Business
C04576,North,Consumer
C04577,South,Business
C04578,East,Consumer
C04579,West,Business
C04580,North,Consumer
C04581,South,Business
C04582,East,Consumer
C04583,West,Business
C04584,North,Consumer
C04585,South,Business
C04586,East,Consumer
C04587,West,Business
C04588,North,Consumer
C04589,South,Business
C04590,East,Consumer
C04591,West,Business
C04592,North,Consumer
C04593,South,Business
C04594,East,Consumer
C04595,West,Business
C04596,North,Consumer
C04597,South,Business
C04598,East,Consumer
C04599,West,Business
C04600,North,Consumer
C04601,South,Business
C04602,East,Consumer
C04603,West,Business
C04604,North,Consumer
C04605,South,Business
C04606,East,Consumer
C04607,West,Business
C04608,North,Consumer
C04609,South,Business
C04610,East,Consumer
C04611,West,Business
C04612,North,Consumer
C04613,South,Business
C04614,East,Consumer
C04615,West,Business
C04616,North,Consumer
C04617,South,Business
C04618,East,Consumer
C04619,West,Business
C04620,North,Consumer
C04621,South,Business
C04622,East,Consumer
C04623,West,Business
C04624,North,Consumer
C04625,South,Business
C04626,East,Consumer
C04627,West,Business
C04628,North,Consumer
C04629,South,Business
C04630,East,Consumer
C04631,West,Business
C04632,North,Consumer
C04633,South,Business
C04634,East,Consumer
C04635,West,Business
C04636,North,Consumer
C04637,South,Business
C04638,East,Consumer
C04639,West,Business
C04640,North,Consumer
C04641,South,Business
C04642,East,Consumer
C04643,West,Business
C04644,North,Consumer
C04645,South,Business
C04646,East,Consumer
C04647,West,Business
C04648,North,Consumer
C04649,South,Business
C04650,East,Consumer
C04651,West,Business
C04652,North,Consumer
C04653,South,Business
C04654,East,Consumer
C04655,West,Business
C04656,North,Consumer
C04657,South,Business
C04658,East,Consumer
C04659,West,Business
C04660,North,Consumer
C04661,South,Business
C04662,East,Consumer
C04663,West,Business
C04664,North,Consumer
C04665,South,Business
C04666,East,Consumer
C04667,West,Business
C04668,North,Consumer
C04669,South,Business
C04670,East,Consumer
C04671,West,Business
C04672,North,Consumer
C04673,South,Business
C04674,East,Consumer
C04675,West,Business
C04676,North,Consumer
C04677,South,Business
C04678,East,Consumer
C04679,West,Business
C04680,North,Consumer
C04681,South,Business
C04682,East,Consumer
C04683,West,Business
C04684,North,Consumer
C04685,South,Business
C04686,East,Consumer
C04687,West,Business
C04688,North,Consumer
C04689,South,Business
C04690,East,Consumer
C04691,West,Business
C04692,North,Consumer
C04693,South,Business
C04694,East,Consumer
C04695,West,Business
C04696,North,Consumer
C04697,South,Business
C04698,East,Consumer
C04699,West,Business
C04700,North,Consumer
C04701,South,Business
C04702,East,Consumer
C04703,West,Business
C04704,North,Consumer
C04705,South,Business
C04706,East,Consumer
C04707,West,Business
C04708,North,Consumer
C04709,South,Business
C04710,East,Consumer
C04711,West,Business
C04712,North,Consumer
C04713,South,Business
C04714,East,Consumer
C04715,West,Business
C04716,North,Consumer
C04717,South,Business
C04718,East,Consumer
C04719,West,Business
C04720,North,Consumer
C04721,South,Business
C04722,East,Consumer
C04723,West,Business
C04724,North,Consumer
C04725,South,Business
C04726,East,Consumer
C04727,West,Business
C04728,North,Consumer
C04729,South,Business
C04730,East,Consumer
C04731,West,Business
C04732,North,Consumer
C04733,South,Business
C04734,East,Consumer
C04735,West,Business
C04736,North,Consumer
C04737,South,Business
C04738,East,Consumer
C04739,West,Business
C04740,North,Consumer
C04741,South,Business
C04742,East,Consumer
C04743,West,Business
C04744,North,Consumer
C04745,South,Business
C04746,East,Consumer
C04747,West,Business
C04748,North,Consumer
C04749,South,Business
C04750,East,Consumer
C04751,West,Business
C04752,North,Consumer
C04753,South,Business
C04754,East,Consumer
C04755,West,Business
C04756,North,Consumer
C04757,South,Business
C04758,East,Consumer
C04759,West,Business
C04760,North,Consumer
C04761,South,Business
C04762,East,Consumer
C04763,West,Business
C04764,North,Consumer
C04765,South,Business
C04766,East,Consumer
C04767,West,Business
C04768,North,Consumer
C04769,South,Business
C04770,East,Consumer
C04771,West,Business
C04772,North,Consumer
C04773,South,Business
C04774,East,Consumer
C04775,West,Business
C04776,North,Consumer
C04777,South,Business
C04778,East,Consumer
C04779,West,Business
C04780,North,Consumer
C04781,South,Business
C04782,East,Consumer
C04783,West,Business
C04784,North,Consumer
C04785,South,Business
C04786,East,Consumer
C04787,West,Business
C04788,North,Consumer
C04789,South,Business
C04790,East,Consumer
C04791,West,Business
C04792,North,Consumer
C04793,South,Business
C04794,East,Consumer
C04795,West,Business
C04796,North,Consumer
C04797,South,Business
C04798,East,Consumer
C04799,West,Business
C04800,North,Consumer
C04801,South,Business
C04802,East,Consumer
C04803,West,Business
C04804,North,Consumer
C04805,South,Business
C04806,East,Consumer
C04807,West,Business
C04808,North,Consumer
C04809,South,Business
C04810,East,Consumer
C04811,West,Business
C04812,North,Consumer
C04813,South,Business
C04814,East,Consumer
C04815,West,Business
C04816,North,Consumer
C04817,South,Business
C04818,East,Consumer
C04819,West,Business
C04820,North,Consumer
C04821,South,Business
C04822,East,Consumer
C04823,West,Business
C04824,North,Consumer
C04825,South,Business
C04826,East,Consumer
C04827,West,Business
C04828,North,Consumer
C04829,South,Business
C04830,East,Consumer
C04831,West,Business
C04832,North,Consumer
C04833,South,Business
C04834,East,Consumer
C04835,West,Business
C04836,North,Consumer
C04837,South,Business
C04838,East,Consumer
C04839,West,Business
C04840,North,Consumer
C04841,South,Business
C04842,East,Consumer
C04843,West,Business
C04844,North,Consumer
C04845,South,Business
C04846,East,Consumer
C04847,West,Business
C04848,North,Consumer
C04849,South,Business
C04850,East,Consumer
C04851,West,Business
C04852,North,Consumer
C04853,South,Business
C04854,East,Consumer
C04855,West,Business
C04856,North,Consumer
C04857,South,Business
C04858,East,Consumer
C04859,West,Business
C04860,North,Consumer
C04861,South,Business
C04862,East,Consumer
C04863,West,Business
C04864,North,Consumer
C04865,South,Business
C04866,East,Consumer
C04867,West,Business
C04868,North,Consumer
C04869,South,Business
C04870,East,Consumer
C04871,West,Business
C04872,North,Consumer
C04873,South,Business
C04874,East,Consumer
C04875,West,Business
C04876,North,Consumer
C04877,South,Business
C04878,East,Consumer
C04879,West,Business
C04880,North,Consumer
C04881,South,Business
C04882,East,Consumer
C04883,West,Business
C04884,North,Consumer
C04885,South,Business
C04886,East,Consumer
C04887,West,Business
C04888,North,Consumer
C04889,South,Business
C04890,East,Consumer
C04891,West,Business
C04892,North,Consumer
C04893,South,Business
C04894,East,Consumer
C04895,West,Business
C04896,North,Consumer
C04897,South,Business
C04898,East,Consumer
C04899,West,Business
C04900,North,Consumer
C04901,South,Business
C04902,East,Consumer
C04903,West,Business
C04904,North,Consumer
C04905,South,Business
C04906,East,Consumer
C04907,West,Business
C04908,North,Consumer
C04909,South,Business
C04910,East,Consumer
C04911,West,Business
C04912,North,Consumer
C04913,South,Business
C04914,East,Consumer
C04915,West,Business
C04916,North,Consumer
C04917,South,Business
C04918,East,Consumer
C04919,West,Business
C04920,North,Consumer
C04921,South,Business
C04922,East,Consumer
C04923,West,Business
C04924,North,Consumer
C04925,South,Business
C04926,East,Consumer
C04927,West,Business
C04928,North,Consumer
C04929,South,Business
C04930,East,Consumer
C04931,West,Business
C04932,North,Consumer
C04933,South,Business
C04934,East,Consumer
C04935,West,Business
C04936,North,Consumer
C04937,South,Business
C04938,East,Consumer
C04939,West,Business
C04940,North,Consumer
C04941,South,Business
C04942,East,Consumer
C04943,West,Business
C04944,North,Consumer
C04945,South,Business
C04946,East,Consumer
C04947,West,Business
C04948,North,Consumer
C04949,South,Business
C04950,East,Consumer
C04951,West,Business
C04952,North,Consumer
C04953,South,Business
C04954,East,Consumer
C04955,West,Business
C04956,North,Consumer
C04957,South,Business
C04958,East,Consumer
C04959,West,Business
C04960,North,Consumer
C04961,South,Business
C04962,East,Consumer
C04963,West,Business
C04964,North,Consumer
C04965,South,Business
C04966,East,Consumer
C04967,West,Business
C04968,North,Consumer
C04969,South,Business
C04970,East,Consumer
C04971,West,Business
C04972,North,Consumer
C04973,South,Business
C04974,East,Consumer
C04975,West,Business
C04976,North,Consumer
C04977,South,Business
C04978,East,Consumer
C04979,West,Business
C04980,North,Consumer
C04981,South,Business
C04982,East,Consumer
C04983,West,Business
C04984,North,Consumer
C04985,South,Business
C04986,East,Consumer
C04987,West,Business
C04988,North,Consumer
C04989,South,Business
C04990,East,Consumer
C04991,West,Business
C04992,North,Consumer
C04993,South,Business
C04994,East,Consumer
C04995,West,Business
C04996,North,Consumer
C04997,South,Business
C04998,East,Consumer
C04999,West,Business
C05000,North,Consumer
C05001,South,Business
C05002,East,Consumer
C05003,West,Business
C05004,North,Consumer
C05005,South,Business
C05006,East,Consumer
C05007,West,Business
C05008,North,Consumer
C05009,South,Business
C05010,East,Consumer
C05011,West,Business
C05012,North,Consumer
C05013,South,Business
C05014,East,Consumer
C05015,West,Business
C05016,North,Consumer
C05017,South,Business
C05018,East,Consumer
C05019,West,Business
C05020,North,Consumer
C05021,South,Business
C05022,East,Consumer
C05023,West,Business
C05024,North,Consumer
C05025,South,Business
C05026,East,Consumer
C05027,West,Business
C05028,North,Consumer
C05029,South,Business
C05030,East,Consumer
C05031,West,Business
C05032,North,Consumer
C05033,South,Business
C05034,East,Consumer
C05035,West,Business
C05036,North,Consumer
C05037,South,Business
C05038,East,Consumer
C05039,West,Business
C05040,North,Consumer
C05041,South,Business
C05042,East,Consumer
C05043,West,Business
C05044,North,Consumer
C05045,South,Business
C05046,East,Consumer
C05047,West,Business
C05048,North,Consumer
C05049,South,Business
C05050,East,Consumer
C05051,West,Business
C05052,North,Consumer
C05053,South,Business
C05054,East,Consumer
C05055,West,Business
C05056,North,Consumer
C05057,South,Business
C05058,East,Consumer
C05059,West,Business
C05060,North,Consumer
C05061,South,Business
C05062,East,Consumer
C05063,West,Business
C05064,North,Consumer
C05065,South,Business
C05066,East,Consumer
C05067,West,Business
C05068,North,Consumer
C05069,South,Business
C05070,East,Consumer
C05071,West,Business
C05072,North,Consumer
C05073,South,Business
C05074,East,Consumer
C05075,West,Business
C05076,North,Consumer
C05077,South,Business
C05078,East,Consumer
C05079,West,Business
C05080,North,Consumer
C05081,South,Business
C05082,East,Consumer
C05083,West,Business
C05084,North,Consumer
C05085,South,Business
C05086,East,Consumer
C05087,West,Business
C05088,North,Consumer
C05089,South,Business
C05090,East,Consumer
C05091,West,Business
C05092,North,Consumer
C05093,South,Business
C05094,East,Consumer
C05095,West,Business
C05096,North,Consumer
C05097,South,Business
C05098,East,Consumer
C05099,West,Business
C05100,North,Consumer
C05101,South,Business
C05102,East,Consumer
C05103,West,Business
C05104,North,Consumer
C05105,South,Business
C05106,East,Consumer
C05107,West,Business
C05108,North,Consumer
C05109,South,Business
C05110,East,Consumer
C05111,West,Business
C05112,North,Consumer
C05113,South,Business
C05114,East,Consumer
C05115,West,Business
C05116,North,Consumer
C05117,South,Business
C05118,East,Consumer
C05119,West,Business
C05120,North,Consumer
C05121,South,Business
C05122,East,Consumer
C05123,West,Business
C05124,North,Consumer
C05125,South,Business
C05126,East,Consumer
C05127,West,Business
C05128,North,Consumer
C05129,South,Business
C05130,East,Consumer
C05131,West,Business
C05132,North,Consumer
C05133,South,Business
C05134,East,Consumer
C05135,West,Business
C05136,North,Consumer
C05137,South,Business
C05138,East,Consumer
C05139,West,Business
C05140,North,Consumer
C05141,South,Business
C05142,East,Consumer
C05143,West,Business
C05144,North,Consumer
C05145,South,Business
C05146,East,Consumer
C05147,West,Business
C05148,North,Consumer
C05149,South,Business
C05150,East,Consumer
C05151,West,Business
C05152,North,Consumer
C05153,South,Business
C05154,East,Consumer
C05155,West,Business
C05156,North,Consumer
C05157,South,Business
C05158,East,Consumer
C05159,West,Business
C05160,North,Consumer
C05161,South,Business
C05162,East,Consumer
C05163,West,Business
C05164,North,Consumer
C05165,South,Business
C05166,East,Consumer
C05167,West,Business
C05168,North,Consumer
C05169,South,Business
C05170,East,Consumer
C05171,West,Business
C05172,North,Consumer
C05173,South,Business
C05174,East,Consumer
C05175,West,Business
C05176,North,Consumer
C05177,South,Business
C05178,East,Consumer
C05179,West,Business
C05180,North,Consumer
C05181,South,Business
C05182,East,Consumer
C05183,West,Business
C05184,North,Consumer
C05185,South,Business
C05186,East,Consumer
C05187,West,Business
C05188,North,Consumer
C05189,South,Business
C05190,East,Consumer
C05191,West,Business
C05192,North,Consumer
C05193,South,Business
C05194,East,Consumer
C05195,West,Business
C05196,North,Consumer
C05197,South,Business
C05198,East,Consumer
C05199,West,Business
C05200,North,Consumer
C05201,South,Business
C05202,East,Consumer
C05203,West,Business
C05204,North,Consumer
C05205,South,Business
C05206,East,Consumer
C05207,West,Business
C05208,North,Consumer
C05209,South,Business
C05210,East,Consumer
C05211,West,Business
C05212,North,Consumer
C05213,South,Business
C05214,East,Consumer
C05215,West,Business
C05216,North,Consumer
C05217,South,Business
C05218,East,Consumer
C05219,West,Business
C05220,North,Consumer
C05221,South,Business
C05222,East,Consumer
C05223,West,Business
C05224,North,Consumer
C05225,South,Business
C05226,East,Consumer
C05227,West,Business
C05228,North,Consumer
C05229,South,Business
C05230,East,Consumer
C05231,West,Business
C05232,North,Consumer
C05233,South,Business
C05234,East,Consumer
C05235,West,Business
C05236,North,Consumer
C05237,South,Business
C05238,East,Consumer
C05239,West,Business
C05240,North,Consumer
C05241,South,Business
C05242,East,Consumer
C05243,West,Business
C05244,North,Consumer
C05245,South,Business
C05246,East,Consumer
C05247,West,Business
C05248,North,Consumer
C05249,South,Business
C05250,East,Consumer
C05251,West,Business
C05252,North,Consumer
C05253,South,Business
C05254,East,Consumer
C05255,West,Business
C05256,North,Consumer
C05257,South,Business
C05258,East,Consumer
C05259,West,Business
C05260,North,Consumer
C05261,South,Business
C05262,East,Consumer
C05263,West,Business
C05264,North,Consumer
C05265,South,Business
C05266,East,Consumer
C05267,West,Business
C05268,North,Consumer
C05269,South,Business
C05270,East,Consumer
C05271,West,Business
C05272,North,Consumer
C05273,South,Business
C05274,East,Consumer
C05275,West,Business
C05276,North,Consumer
C05277,South,Business
C05278,East,Consumer
C05279,West,Business
C05280,North,Consumer
C05281,South,Business
C05282,East,Consumer
C05283,West,Business
C05284,North,Consumer
C05285,South,Business
C05286,East,Consumer
C05287,West,Business
C05288,North,Consumer
C05289,South,Business
C05290,East,Consumer
C05291,West,Business
C05292,North,Consumer
C05293,South,Business
C05294,East,Consumer
C05295,West,Business
C05296,North,Consumer
C05297,South,Business
C05298,East,Consumer
C05299,West,Business
C05300,North,Consumer
C05301,South,Business
C05302,East,Consumer
C05303,West,Business
C05304,North,Consumer
C05305,South,Business
C05306,East,Consumer
C05307,West,Business
C05308,North,Consumer
C05309,South,Business
C05310,East,Consumer
C05311,West,Business
C05312,North,Consumer
C05313,South,Business
C05314,East,Consumer
C05315,West,Business
C05316,North,Consumer
C05317,South,Business
C05318,East,Consumer
C05319,West,Business
C05320,North,Consumer
C05321,South,Business
C05322,East,Consumer
C05323,West,Business
C05324,North,Consumer
C05325,South,Business
C05326,East,Consumer
C05327,West,Business
C05328,North,Consumer
C05329,South,Business
C05330,East,Consumer
C05331,West,Business
C05332,North,Consumer
C05333,South,Business
C05334,East,Consumer
C05335,West,Business
C05336,North,Consumer
C05337,South,Business
C05338,East,Consumer
C05339,West,Business
C05340,North,Consumer
C05341,South,Business
C05342,East,Consumer
C05343,West,Business
C05344,North,Consumer
C05345,South,Business
C05346,East,Consumer
C05347,West,Business
C05348,North,Consumer
C05349,South,Business
C05350,East,Consumer
C05351,West,Business
C05352,North,Consumer
C05353,South,Business
C05354,East,Consumer
C05355,West,Business
C05356,North,Consumer
C05357,South,Business
C05358,East,Consumer
C05359,West,Business
C05360,North,Consumer
C05361,South,Business
C05362,East,Consumer
C05363,West,Business
C05364,North,Consumer
C05365,South,Business
C05366,East,Consumer
C05367,West,Business
C05368,North,Consumer
C05369,South,Business
C05370,East,Consumer
C05371,West,Business
C05372,North,Consumer
C05373,South,Business
C05374,East,Consumer
C05375,West,Business
C05376,North,Consumer
C05377,South,Business
C05378,East,Consumer
C05379,West,Business
C05380,North,Consumer
C05381,South,Business
C05382,East,Consumer
C05383,West,Business
C05384,North,Consumer
C05385,South,Business
C05386,East,Consumer
C05387,West,Business
C05388,North,Consumer
C05389,South,Business
C05390,East,Consumer
C05391,West,Business
C05392,North,Consumer
C05393,South,Business
C05394,East,Consumer
C05395,West,Business
C05396,North,Consumer
C05397,South,Business
C05398,East,Consumer
C05399,West,Business
C05400,North,Consumer
C05401,South,Business
C05402,East,Consumer
C05403,West,Business
C05404,North,Consumer
C05405,South,Business
C05406,East,Consumer
C05407,West,Business
C05408,North,Consumer
C05409,South,Business
C05410,East,Consumer
C05411,West,Business
C05412,North,Consumer
C05413,South,Business
C05414,East,Consumer
C05415,West,Business
C05416,North,Consumer
C05417,South,Business
C05418,East,Consumer
C05419,West,Business
C05420,North,Consumer
C05421,South,Business
C05422,East,Consumer
C05423,West,Business
C05424,North,Consumer
C05425,South,Business
C05426,East,Consumer
C05427,West,Business
C05428,North,Consumer
C05429,South,Business
C05430,East,Consumer
C05431,West,Business
C05432,North,Consumer
C05433,South,Business
C05434,East,Consumer
C05435,West,Business
C05436,North,Consumer
C05437,South,Business
C05438,East,Consumer
C05439,West,Business
C05440,North,Consumer
C05441,South,Business
C05442,East,Consumer
C05443,West,Business
C05444,North,Consumer
C05445,South,Business
C05446,East,Consumer
C05447,West,Business
C05448,North,Consumer
C05449,South,Business
C05450,East,Consumer
C05451,West,Business
C05452,North,Consumer
C05453,South,Business
C05454,East,Consumer
C05455,West,Business
C05456,North,Consumer
C05457,South,Business
C05458,East,Consumer
C05459,West,Business
C05460,North,Consumer
C05461,South,Business
C05462,East,Consumer
C05463,West,Business
C05464,North,Consumer
C05465,South,Business
C05466,East,Consumer
C05467,West,Business
C05468,North,Consumer
C05469,South,Business
C05470,East,Consumer
C05471,West,Business
C05472,North,Consumer
C05473,South,Business
C05474,East,Consumer
C05475,West,Business
C05476,North,Consumer
C05477,South,Business
C05478,East,Consumer
C05479,West,Business
C05480,North,Consumer
C05481,South,Business
C05482,East,Consumer
C05483,West,Business
C05484,North,Consumer
C05485,South,Business
C05486,East,Consumer
C05487,West,Business
C05488,North,Consumer
C05489,South,Business
C05490,East,Consumer
C05491,West,Business
C05492,North,Consumer
C05493,South,Business
C05494,East,Consumer
C05495,West,Business
C05496,North,Consumer
C05497,South,Business
C05498,East,Consumer
C05499,West,Business
C05500,North,Consumer
C05501,South,Business
C05502,East,Consumer
C05503,West,Business
C05504,North,Consumer
C05505,South,Business
C05506,East,Consumer
C05507,West,Business
C05508,North,Consumer
C05509,South,Business
C05510,East,Consumer
C05511,West,Business
C05512,North,Consumer
C05513,South,Business
C05514,East,Consumer
C05515,West,Business
C05516,North,Consumer
C05517,South,Business
C05518,East,Consumer
C05519,West,Business
C05520,North,Consumer
C05521,South,Business
C05522,East,Consumer
C05523,West,Business
C05524,North,Consumer
C05525,South,Business
C05526,East,Consumer
C05527,West,Business
C05528,North,Consumer
C05529,South,Business
C05530,East,Consumer
C05531,West,Business
C05532,North,Consumer
C05533,South,Business
C05534,East,Consumer
C05535,West,Business
C05536,North,Consumer
C05537,South,Business
C05538,East,Consumer
C05539,West,Business
C05540,North,Consumer
C05541,South,Business
C05542,East,Consumer
C05543,West,Business
C05544,North,Consumer
C05545,South,Business
C05546,East,Consumer
C05547,West,Business
C05548,North,Consumer
C05549,South,Business
C05550,East,Consumer
C05551,West,Business
C05552,North,Consumer
C05553,South,Business
C05554,East,Consumer
C05555,West,Business
C05556,North,Consumer
C05557,South,Business
C05558,East,Consumer
C05559,West,Business
C05560,North,Consumer
C05561,South,Business
C05562,East,Consumer
C05563,West,Business
C05564,North,Consumer
C05565,South,Business
C05566,East,Consumer
C05567,West,Business
C05568,North,Consumer
C05569,South,Business
C05570,East,Consumer
C05571,West,Business
C05572,North,Consumer
C05573,South,Business
C05574,East,Consumer
C05575,West,Business
C05576,North,Consumer
C05577,South,Business
C05578,East,Consumer
C05579,West,Business
C05580,North,Consumer
C05581,South,Business
C05582,East,Consumer
C05583,West,Business
C05584,North,Consumer
C05585,South,Business
C05586,East,Consumer
C05587,West,Business
C05588,North,Consumer
C05589,South,Business
C05590,East,Consumer
C05591,West,Business
C05592,North,Consumer
C05593,South,Business
C05594,East,Consumer
C05595,West,Business
C05596,North,Consumer
C05597,South,Business
C05598,East,Consumer
C05599,West,Business
C05600,North,Consumer
C05601,South,Business
C05602,East,Consumer
C05603,West,Business
C05604,North,Consumer
C05605,South,Business
C05606,East,Consumer
C05607,West,Business
C05608,North,Consumer
C05609,South,Business
C05610,East,Consumer
C05611,West,Business
C05612,North,Consumer
C05613,South,Business
C05614,East,Consumer
C05615,West,Business
C05616,North,Consumer
C05617,South,Business
C05618,East,Consumer
C05619,West,Business
C05620,North,Consumer
C05621,South,Business
C05622,East,Consumer
C05623,West,Business
C05624,North,Consumer
C05625,South,Business
C05626,East,Consumer
C05627,West,Business
C05628,North,Consumer
C05629,South,Business
C05630,East,Consumer
C05631,West,Business
C05632,North,Consumer
C05633,South,Business
C05634,East,Consumer
C05635,West,Business
C05636,North,Consumer
C05637,South,Business
C05638,East,Consumer
C05639,West,Business
C05640,North,Consumer
C05641,South,Business
C05642,East,Consumer
C05643,West,Business
C05644,North,Consumer
C05645,South,Business
C05646,East,Consumer
C05647,West,Business
C05648,North,Consumer
C05649,South,Business
C05650,East,Consumer
C05651,West,Business
C05652,North,Consumer
C05653,South,Business
C05654,East,Consumer
C05655,West,Business
C05656,North,Consumer
C05657,South,Business
C05658,East,Consumer
C05659,West,Business
C05660,North,Consumer
C05661,South,Business
C05662,East,Consumer
C05663,West,Business
C05664,North,Consumer
C05665,South,Business
C05666,East,Consumer
C05667,West,Business
C05668,North,Consumer
C05669,South,Business
C05670,East,Consumer
C05671,West,Business
C05672,North,Consumer
C05673,South,Business
C05674,East,Consumer
C05675,West,Business
C05676,North,Consumer
C05677,South,Business
C05678,East,Consumer
C05679,West,Business
C05680,North,Consumer
C05681,South,Business
C05682,East,Consumer
C05683,West,Business
C05684,North,Consumer
C05685,South,Business
C05686,East,Consumer
C05687,West,Business
C05688,North,Consumer
C05689,South,Business
C05690,East,Consumer
C05691,West,Business
C05692,North,Consumer
C05693,South,Business
C05694,East,Consumer
C05695,West,Business
C05696,North,Consumer
C05697,South,Business
C05698,East,Consumer
C05699,West,Business
C05700,North,Consumer
C05701,South,Business
C05702,East,Consumer
C05703,West,Business
C05704,North,Consumer
C05705,South,Business
C05706,East,Consumer
C05707,West,Business
C05708,North,Consumer
C05709,South,Business
C05710,East,Consumer
C05711,West,Business
C05712,North,Consumer
C05713,South,Business
C05714,East,Consumer
C05715,West,Business
C05716,North,Consumer
C05717,South,Business
C05718,East,Consumer
C05719,West,Business
C05720,North,Consumer
C05721,South,Business
C05722,East,Consumer
C05723,West,Business
C05724,North,Consumer
C05725,South,Business
C05726,East,Consumer
C05727,West,Business
C05728,North,Consumer
C05729,South,Business
C05730,East,Consumer
C05731,West,Business
C05732,North,Consumer
C05733,South,Business
C05734,East,Consumer
C05735,West,Business
C05736,North,Consumer
C05737,South,Business
C05738,East,Consumer
C05739,West,Business
C05740,North,Consumer
C05741,South,Business
C05742,East,Consumer
C05743,West,Business
C05744,North,Consumer
C05745,South,Business
C05746,East,Consumer
C05747,West,Business
C05748,North,Consumer
C05749,South,Business
C05750,East,Consumer
C05751,West,Business
C05752,North,Consumer
C05753,South,Business
C05754,East,Consumer
C05755,West,Business
C05756,North,Consumer
C05757,South,Business
C05758,East,Consumer
C05759,West,Business
C05760,North,Consumer
C05761,South,Business
C05762,East,Consumer
C05763,West,Business
C05764,North,Consumer
C05765,South,Business
C05766,East,Consumer
C05767,West,Business
C05768,North,Consumer
C05769,South,Business
C05770,East,Consumer
C05771,West,Business
C05772,North,Consumer
C05773,South,Business
C05774,East,Consumer
C05775,West,Business
C05776,North,Consumer
C05777,South,Business
C05778,East,Consumer
C05779,West,Business
C05780,North,Consumer
C05781,South,Business
C05782,East,Consumer
C05783,West,Business
C05784,North,Consumer
C05785,South,Business
C05786,East,Consumer
C05787,West,Business
C05788,North,Consumer
C05789,South,Business
C05790,East,Consumer
C05791,West,Business
C05792,North,Consumer
C05793,South,Business
C05794,East,Consumer
C05795,West,Business
C05796,North,Consumer
C05797,South,Business
C05798,East,Consumer
C05799,West,Business
C05800,North,Consumer
C05801,South,Business
C05802,East,Consumer
C05803,West,Business
C05804,North,Consumer
C05805,South,Business
C05806,East,Consumer
C05807,West,Business
C05808,North,Consumer
C05809,South,Business
C05810,East,Consumer
C05811,West,Business
C05812,North,Consumer
C05813,South,Business
C05814,East,Consumer
C05815,West,Business
C05816,North,Consumer
C05817,South,Business
C05818,East,Consumer
C05819,West,Business
C05820,North,Consumer
C05821,South,Business
C05822,East,Consumer
C05823,West,Business
C05824,North,Consumer
C05825,South,Business
C05826,East,Consumer
C05827,West,Business
C05828,North,Consumer
C05829,South,Business
C05830,East,Consumer
C05831,West,Business
C05832,North,Consumer
C05833,South,Business
C05834,East,Consumer
C05835,West,Business
C05836,North,Consumer
C05837,South,Business
C05838,East,Consumer
C05839,West,Business
C05840,North,Consumer
C05841,South,Business
C05842,East,Consumer
C05843,West,Business
C05844,North,Consumer
C05845,South,Business
C05846,East,Consumer
C05847,West,Business
C05848,North,Consumer
C05849,South,Business
C05850,East,Consumer
C05851,West,Business
C05852,North,Consumer
C05853,South,Business
C05854,East,Consumer
C05855,West,Business
C05856,North,Consumer
C05857,South,Business
C05858,East,Consumer
C05859,West,Business
C05860,North,Consumer
C05861,South,Business
C05862,East,Consumer
C05863,West,Business
C05864,North,Consumer
C05865,South,Business
C05866,East,Consumer
C05867,West,Business
C05868,North,Consumer
C05869,South,Business
C05870,East,Consumer
C05871,West,Business
C05872,North,Consumer
C05873,South,Business
C05874,East,Consumer
C05875,West,Business
C05876,North,Consumer
C05877,South,Business
C05878,East,Consumer
C05879,West,Business
C05880,North,Consumer
C05881,South,Business
C05882,East,Consumer
C05883,West,Business
C05884,North,Consumer
C05885,South,Business
C05886,East,Consumer
C05887,West,Business
C05888,North,Consumer
C05889,South,Business
C05890,East,Consumer
C05891,West,Business
C05892,North,Consumer
C05893,South,Business
C05894,East,Consumer
C05895,West,Business
C05896,North,Consumer
C05897,South,Business
C05898,East,Consumer
C05899,West,Business
C05900,North,Consumer
C05901,South,Business
C05902,East,Consumer
C05903,West,Business
C05904,North,Consumer
C05905,South,Business
C05906,East,Consumer
C05907,West,Business
C05908,North,Consumer
C05909,South,Business
C05910,East,Consumer
C05911,West,Business
C05912,North,Consumer
C05913,South,Business
C05914,East,Consumer
C05915,West,Business
C05916,North,Consumer
C05917,South,Business
C05918,East,Consumer
C05919,West,Business
C05920,North,Consumer
C05921,South,Business
C05922,East,Consumer
C05923,West,Business
C05924,North,Consumer
C05925,South,Business
C05926,East,Consumer
C05927,West,Business
C05928,North,Consumer
C05929,South,Business
C05930,East,Consumer
C05931,West,Business
C05932,North,Consumer
C05933,South,Business
C05934,East,Consumer
C05935,West,Business
C05936,North,Consumer
C05937,South,Business
C05938,East,Consumer
C05939,West,Business
C05940,North,Consumer
C05941,South,Business
C05942,East,Consumer
C05943,West,Business
C05944,North,Consumer
C05945,South,Business
C05946,East,Consumer
C05947,West,Business
C05948,North,Consumer
C05949,South,Business
C05950,East,Consumer
C05951,West,Business
C05952,North,Consumer
C05953,South,Business
C05954,East,Consumer
C05955,West,Business
C05956,North,Consumer
C05957,South,Business
C05958,East,Consumer
C05959,West,Business
C05960,North,Consumer
C05961,South,Business
C05962,East,Consumer
C05963,West,Business
C05964,North,Consumer
C05965,South,Business
C05966,East,Consumer
C05967,West,Business
C05968,North,Consumer
C05969,South,Business
C05970,East,Consumer
C05971,West,Business
C05972,North,Consumer
C05973,South,Business
C05974,East,Consumer
C05975,West,Business
C05976,North,Consumer
C05977,South,Business
C05978,East,Consumer
C05979,West,Business
C05980,North,Consumer
C05981,South,Business
C05982,East,Consumer
C05983,West,Business
C05984,North,Consumer
C05985,South,Business
C05986,East,Consumer
C05987,West,Business
C05988,North,Consumer
C05989,South,Business
C05990,East,Consumer
C05991,West,Business
C05992,North,Consumer
C05993,South,Business
C05994,East,Consumer
C05995,West,Business
C05996,North,Consumer
C05997,South,Business
C05998,East,Consumer
C05999,West,Business
C06000,North,Consumer
C06001,South,Business
C06002,East,Consumer
C06003,West,Business
C06004,North,Consumer
C06005,South,Business
C06006,East,Consumer
C06007,West,Business
C06008,North,Consumer
C06009,South,Business
C06010,East,Consumer
C06011,West,Business
C06012,North,Consumer
C06013,South,Business
C06014,East,Consumer
C06015,West,Business
C06016,North,Consumer
C06017,South,Business
C06018,East,Consumer
C06019,West,Business
C06020,North,Consumer
C06021,South,Business
C06022,East,Consumer
C06023,West,Business
C06024,North,Consumer
C06025,South,Business
C06026,East,Consumer
C06027,West,Business
C06028,North,Consumer
C06029,South,Business
C06030,East,Consumer
C06031,West,Business
C06032,North,Consumer
C06033,South,Business
C06034,East,Consumer
C06035,West,Business
C06036,North,Consumer
C06037,South,Business
C06038,East,Consumer
C06039,West,Business
C06040,North,Consumer
C06041,South,Business
C06042,East,Consumer
C06043,West,Business
C06044,North,Consumer
C06045,South,Business
C06046,East,Consumer
C06047,West,Business
C06048,North,Consumer
C06049,South,Business
C06050,East,Consumer
C06051,West,Business
C06052,North,Consumer
C06053,South,Business
C06054,East,Consumer
C06055,West,Business
C06056,North,Consumer
C06057,South,Business
C06058,East,Consumer
C06059,West,Business
C06060,North,Consumer
C06061,South,Business
C06062,East,Consumer
C06063,West,Business
C06064,North,Consumer
C06065,South,Business
C06066,East,Consumer
C06067,West,Business
C06068,North,Consumer
C06069,South,Business
C06070,East,Consumer
C06071,West,Business
C06072,North,Consumer
C06073,South,Business
C06074,East,Consumer
C06075,West,Business
C06076,North,Consumer
C06077,South,Business
C06078,East,Consumer
C06079,West,Business
C06080,North,Consumer
C06081,South,Business
C06082,East,Consumer
C06083,West,Business
C06084,North,Consumer
C06085,South,Business
C06086,East,Consumer
C06087,West,Business
C06088,North,Consumer
C06089,South,Business
C06090,East,Consumer
C06091,West,Business
C06092,North,Consumer
C06093,South,Business
C06094,East,Consumer
C06095,West,Business
C06096,North,Consumer
C06097,South,Business
C06098,East,Consumer
C06099,West,Business
C06100,North,Consumer
C06101,South,Business
C06102,East,Consumer
C06103,West,Business
C06104,North,Consumer
C06105,South,Business
C06106,East,Consumer
C06107,West,Business
C06108,North,Consumer
C06109,South,Business
C06110,East,Consumer
C06111,West,Business
C06112,North,Consumer
C06113,South,Business
C06114,East,Consumer
C06115,West,Business
C06116,North,Consumer
C06117,South,Business
C06118,East,Consumer
C06119,West,Business
C06120,North,Consumer
C06121,South,Business
C06122,East,Consumer
C06123,West,Business
C06124,North,Consumer
C06125,South,Business
C06126,East,Consumer
C06127,West,Business
C06128,North,Consumer
C06129,South,Business
C06130,East,Consumer
C06131,West,Business
C06132,North,Consumer
C06133,South,Business
C06134,East,Consumer
C06135,West,Business
C06136,North,Consumer
C06137,South,Business
C06138,East,Consumer
C06139,West,Business
C06140,North,Consumer
C06141,South,Business
C06142,East,Consumer
C06143,West,Business
C06144,North,Consumer
C06145,South,Business
C06146,East,Consumer
C06147,West,Business
C06148,North,Consumer
C06149,South,Business
C06150,East,Consumer
C06151,West,Business
C06152,North,Consumer
C06153,South,Business
C06154,East,Consumer
C06155,West,Business
C06156,North,Consumer
C06157,South,Business
C06158,East,Consumer
C06159,West,Business
C06160,North,Consumer
C06161,South,Business
C06162,East,Consumer
C06163,West,Business
C06164,North,Consumer
C06165,South,Business
C06166,East,Consumer
C06167,West,Business
C06168,North,Consumer
C06169,South,Business
C06170,East,Consumer
C06171,West,Business
C06172,North,Consumer
C06173,South,Business
C06174,East,Consumer
C06175,West,Business
C06176,North,Consumer
C06177,South,Business
C06178,East,Consumer
C06179,West,Business
C06180,North,Consumer
C06181,South,Business
C06182,East,Consumer
C06183,West,Business
C06184,North,Consumer
C06185,South,Business
C06186,East,Consumer
C06187,West,Business
C06188,North,Consumer
C06189,South,Business
C06190,East,Consumer
C06191,West,Business
C06192,North,Consumer
C06193,South,Business
C06194,East,Consumer
C06195,West,Business
C06196,North,Consumer
C06197,South,Business
C06198,East,Consumer
C06199,West,Business
C06200,North,Consumer
C06201,South,Business
C06202,East,Consumer
C06203,West,Business
C06204,North,Consumer
C06205,South,Business
C06206,East,Consumer
C06207,West,Business
C06208,North,Consumer
C06209,South,Business
C06210,East,Consumer
C06211,West,Business
C06212,North,Consumer
C06213,South,Business
C06214,East,Consumer
C06215,West,Business
C06216,North,Consumer
C06217,South,Business
C06218,East,Consumer
C06219,West,Business
C06220,North,Consumer
C06221,South,Business
C06222,East,Consumer
C06223,West,Business
C06224,North,Consumer
C06225,South,Business
C06226,East,Consumer
C06227,West,Business
C06228,North,Consumer
C06229,South,Business
C06230,East,Consumer
C06231,West,Business
C06232,North,Consumer
C06233,South,Business
C06234,East,Consumer
C06235,West,Business
C06236,North,Consumer
C06237,South,Business
C06238,East,Consumer
C06239,West,Business
C06240,North,Consumer
C06241,South,Business
C06242,East,Consumer
C06243,West,Business
C06244,North,Consumer
C06245,South,Business
C06246,East,Consumer
C06247,West,Business
C06248,North,Consumer
C06249,South,Business
C06250,East,Consumer
C06251,West,Business
C06252,North,Consumer
C06253,South,Business
C06254,East,Consumer
C06255,West,Business
C06256,North,Consumer
C06257,South,Business
C06258,East,Consumer
C06259,West,Business
C06260,North,Consumer
C06261,South,Business
C06262,East,Consumer
C06263,West,Business
C06264,North,Consumer
C06265,South,Business
C06266,East,Consumer
C06267,West,Business
C06268,North,Consumer
C06269,South,Business
C06270,East,Consumer
C06271,West,Business
C06272,North,Consumer
C06273,South,Business
C06274,East,Consumer
C06275,West,Business
C06276,North,Consumer
C06277,South,Business
C06278,East,Consumer
C06279,West,Business
C06280,North,Consumer
C06281,South,Business
C06282,East,Consumer
C06283,West,Business
C06284,North,Consumer
C06285,South,Business
C06286,East,Consumer
C06287,West,Business
C06288,North,Consumer
C06289,South,Business
C06290,East,Consumer
C06291,West,Business
C06292,North,Consumer
C06293,South,Business
C06294,East,Consumer
C06295,West,Business
C06296,North,Consumer
C06297,South,Business
C06298,East,Consumer
C06299,West,Business
C06300,North,Consumer
C06301,South,Business
C06302,East,Consumer
C06303,West,Business
C06304,North,Consumer
C06305,South,Business
C06306,East,Consumer
C06307,West,Business
C06308,North,Consumer
C06309,South,Business
C06310,East,Consumer
C06311,West,Business
C06312,North,Consumer
C06313,South,Business
C06314,East,Consumer
C06315,West,Business
C06316,North,Consumer
C06317,South,Business
C06318,East,Consumer
C06319,West,Business
C06320,North,Consumer
C06321,South,Business
C06322,East,Consumer
C06323,West,Business
C06324,North,Consumer
C06325,South,Business
C06326,East,Consumer
C06327,West,Business
C06328,North,Consumer
C06329,South,Business
C06330,East,Consumer
C06331,West,Business
C06332,North,Consumer
C06333,South,Business
C06334,East,Consumer
C06335,West,Business
C06336,North,Consumer
C06337,South,Business
C06338,East,Consumer
C06339,West,Business
C06340,North,Consumer
C06341,South,Business
C06342,East,Consumer
C06343,West,Business
C06344,North,Consumer
C06345,South,Business
C06346,East,Consumer
C06347,West,Business
C06348,North,Consumer
C06349,South,Business
C06350,East,Consumer
C06351,West,Business
C06352,North,Consumer
C06353,South,Business
C06354,East,Consumer
C06355,West,Business
C06356,North,Consumer
C06357,South,Business
C06358,East,Consumer
C06359,West,Business
C06360,North,Consumer
C06361,South,Business
C06362,East,Consumer
C06363,West,Business
C06364,North,Consumer
C06365,South,Business
C06366,East,Consumer
C06367,West,Business
C06368,North,Consumer
C06369,South,Business
C06370,East,Consumer
C06371,West,Business
C06372,North,Consumer
C06373,South,Business
C06374,East,Consumer
C06375,West,Business
C06376,North,Consumer
C06377,South,Business
C06378,East,Consumer
C06379,West,Business
C06380,North,Consumer
C06381,South,Business
C06382,East,Consumer
C06383,West,Business
C06384,North,Consumer
C06385,South,Business
C06386,East,Consumer
C06387,West,Business
C06388,North,Consumer
C06389,South,Business
C06390,East,Consumer
C06391,West,Business
C06392,North,Consumer
C06393,South,Business
C06394,East,Consumer
C06395,West,Business
C06396,North,Consumer
C06397,South,Business
C06398,East,Consumer
C06399,West,Business
C06400,North,Consumer
C06401,South,Business
C06402,East,Consumer
C06403,West,Business
C06404,North,Consumer
C06405,South,Business
C06406,East,Consumer
C06407,West,Business
C06408,North,Consumer
C06409,South,Business
C06410,East,Consumer
C06411,West,Business
C06412,North,Consumer
C06413,South,Business
C06414,East,Consumer
C06415,West,Business
C06416,North,Consumer
C06417,South,Business
C06418,East,Consumer
C06419,West,Business
C06420,North,Consumer
C06421,South,Business
C06422,East,Consumer
C06423,West,Business
C06424,North,Consumer
C06425,South,Business
C06426,East,Consumer
C06427,West,Business
C06428,North,Consumer
C06429,South,Business
C06430,East,Consumer
C06431,West,Business
C06432,North,Consumer
C06433,South,Business
C06434,East,Consumer
C06435,West,Business
C06436,North,Consumer
C06437,South,Business
C06438,East,Consumer
C06439,West,Business
C06440,North,Consumer
C06441,South,Business
C06442,East,Consumer
C06443,West,Business
C06444,North,Consumer
C06445,South,Business
C06446,East,Consumer
C06447,West,Business
C06448,North,Consumer
C06449,South,Business
C06450,East,Consumer
C06451,West,Business
C06452,North,Consumer
C06453,South,Business
C06454,East,Consumer
C06455,West,Business
C06456,North,Consumer
C06457,South,Business
C06458,East,Consumer
C06459,West,Business
C06460,North,Consumer
C06461,South,Business
C06462,East,Consumer
C06463,West,Business
C06464,North,Consumer
C06465,South,Business
C06466,East,Consumer
C06467,West,Business
C06468,North,Consumer
C06469,South,Business
C06470,East,Consumer
C06471,West,Business
C06472,North,Consumer
C06473,South,Business
C06474,East,Consumer
C06475,West,Business
C06476,North,Consumer
C06477,South,Business
C06478,East,Consumer
C06479,West,Business
C06480,North,Consumer
C06481,South,Business
C06482,East,Consumer
C06483,West,Business
C06484,North,Consumer
C06485,South,Business
C06486,East,Consumer
C06487,West,Business
C06488,North,Consumer
C06489,South,Business
C06490,East,Consumer
C06491,West,Business
C06492,North,Consumer
C06493,South,Business
C06494,East,Consumer
C06495,West,Business
C06496,North,Consumer
C06497,South,Business
C06498,East,Consumer
C06499,West,Business
C06500,North,Consumer
C06501,South,Business
C06502,East,Consumer
C06503,West,Business
C06504,North,Consumer
C06505,South,Business
C06506,East,Consumer
C06507,West,Business
C06508,North,Consumer
C06509,South,Business
C06510,East,Consumer
C06511,West,Business
C06512,North,Consumer
C06513,South,Business
C06514,East,Consumer
C06515,West,Business
C06516,North,Consumer
C06517,South,Business
C06518,East,Consumer
C06519,West,Business
C06520,North,Consumer
C06521,South,Business
C06522,East,Consumer
C06523,West,Business
C06524,North,Consumer
C06525,South,Business
C06526,East,Consumer
C06527,West,Business
C06528,North,Consumer
C06529,South,Business
C06530,East,Consumer
C06531,West,Business
C06532,North,Consumer
C06533,South,Business
C06534,East,Consumer
C06535,West,Business
C06536,North,Consumer
C06537,South,Business
C06538,East,Consumer
C06539,West,Business
C06540,North,Consumer
C06541,South,Business
C06542,East,Consumer
C06543,West,Business
C06544,North,Consumer
C06545,South,Business
C06546,East,Consumer
C06547,West,Business
C06548,North,Consumer
C06549,South,Business
C06550,East,Consumer
C06551,West,Business
C06552,North,Consumer
C06553,South,Business
C06554,East,Consumer
C06555,West,Business
C06556,North,Consumer
C06557,South,Business
C06558,East,Consumer
C06559,West,Business
C06560,North,Consumer
C06561,South,Business
C06562,East,Consumer
C06563,West,Business
C06564,North,Consumer
C06565,South,Business
C06566,East,Consumer
C06567,West,Business
C06568,North,Consumer
C06569,South,Business
C06570,East,Consumer
C06571,West,Business
C06572,North,Consumer
C06573,South,Business
C06574,East,Consumer
C06575,West,Business
C06576,North,Consumer
C06577,South,Business
C06578,East,Consumer
C06579,West,Business
C06580,North,Consumer
C06581,South,Business
C06582,East,Consumer
C06583,West,Business
C06584,North,Consumer
C06585,South,Business
C06586,East,Consumer
C06587,West,Business
C06588,North,Consumer
C06589,South,Business
C06590,East,Consumer
C06591,West,Business
C06592,North,Consumer
C06593,South,Business
C06594,East,Consumer
C06595,West,Business
C06596,North,Consumer
C06597,South,Business
C06598,East,Consumer
C06599,West,Business
C06600,North,Consumer
C06601,South,Business
C06602,East,Consumer
C06603,West,Business
C06604,North,Consumer
C06605,South,Business
C06606,East,Consumer
C06607,West,Business
C06608,North,Consumer
C06609,South,Business
C06610,East,Consumer
C06611,West,Business
C06612,North,Consumer
C06613,South,Business
C06614,East,Consumer
C06615,West,Business
C06616,North,Consumer
C06617,South,Business
C06618,East,Consumer
C06619,West,Business
C06620,North,Consumer
C06621,South,Business
C06622,East,Consumer
C06623,West,Business
C06624,North,Consumer
C06625,South,Business
C06626,East,Consumer
C06627,West,Business
C06628,North,Consumer
C06629,South,Business
C06630,East,Consumer
C06631,West,Business
C06632,North,Consumer
C06633,South,Business
C06634,East,Consumer
C06635,West,Business
C06636,North,Consumer
C06637,South,Business
C06638,East,Consumer
C06639,West,Business
C06640,North,Consumer
C06641,South,Business
C06642,East,Consumer
C06643,West,Business
C06644,North,Consumer
C06645,South,Business
C06646,East,Consumer
C06647,West,Business
C06648,North,Consumer
C06649,South,Business
C06650,East,Consumer
C06651,West,Business
C06652,North,Consumer
C06653,South,Business
C06654,East,Consumer
C06655,West,Business
C06656,North,Consumer
C06657,South,Business
C06658,East,Consumer
C06659,West,Business
C06660,North,Consumer
C06661,South,Business
C06662,East,Consumer
C06663,West,Business
C06664,North,Consumer
C06665,South,Business
C06666,East,Consumer
C06667,West,Business
C06668,North,Consumer
C06669,South,Business
C06670,East,Consumer
C06671,West,Business
C06672,North,Consumer
C06673,South,Business
C06674,East,Consumer
C06675,West,Business
C06676,North,Consumer
C06677,South,Business
C06678,East,Consumer
C06679,West,Business
C06680,North,Consumer
C06681,South,Business
C06682,East,Consumer
C06683,West,Business
C06684,North,Consumer
C06685,South,Business
C06686,East,Consumer
C06687,West,Business
C06688,North,Consumer
C06689,South,Business
C06690,East,Consumer
C06691,West,Business
C06692,North,Consumer
C06693,South,Business
C06694,East,Consumer
C06695,West,Business
C06696,North,Consumer
C06697,South,Business
C06698,East,Consumer
C06699,West,Business
C06700,North,Consumer
C06701,South,Business
C06702,East,Consumer
C06703,West,Business
C06704,North,Consumer
C06705,South,Business
C06706,East,Consumer
C06707,West,Business
C06708,North,Consumer
C06709,South,Business
C06710,East,Consumer
C06711,West,Business
C06712,North,Consumer
C06713,South,Business
C06714,East,Consumer
C06715,West,Business
C06716,North,Consumer
C06717,South,Business
C06718,East,Consumer
C06719,West,Business
C06720,North,Consumer
C06721,South,Business
C06722,East,Consumer
C06723,West,Business
C06724,North,Consumer
C06725,South,Business
C06726,East,Consumer
C06727,West,Business
C06728,North,Consumer
C06729,South,Business
C06730,East,Consumer
C06731,West,Business
C06732,North,Consumer
C06733,South,Business
C06734,East,Consumer
C06735,West,Business
C06736,North,Consumer
C06737,South,Business
C06738,East,Consumer
C06739,West,Business
C06740,North,Consumer
C06741,South,Business
C06742,East,Consumer
C06743,West,Business
C06744,North,Consumer
C06745,South,Business
C06746,East,Consumer
C06747,West,Business
C06748,North,Consumer
C06749,South,Business
C06750,East,Consumer
C06751,West,Business
C06752,North,Consumer
C06753,South,Business
C06754,East,Consumer
C06755,West,Business
C06756,North,Consumer
C06757,South,Business
C06758,East,Consumer
C06759,West,Business
C06760,North,Consumer
C06761,South,Business
C06762,East,Consumer
C06763,West,Business
C06764,North,Consumer
C06765,South,Business
C06766,East,Consumer
C06767,West,Business
C06768,North,Consumer
C06769,South,Business
C06770,East,Consumer
C06771,West,Business
C06772,North,Consumer
C06773,South,Business
C06774,East,Consumer
C06775,West,Business
C06776,North,Consumer
C06777,South,Business
C06778,East,Consumer
C06779,West,Business
C06780,North,Consumer
C06781,South,Business
C06782,East,Consumer
C06783,West,Business
C06784,North,Consumer
C06785,South,Business
C06786,East,Consumer
C06787,West,Business
C06788,North,Consumer
C06789,South,Business
C06790,East,Consumer
C06791,West,Business
C06792,North,Consumer
C06793,South,Business
C06794,East,Consumer
C06795,West,Business
C06796,North,Consumer
C06797,South,Business
C06798,East,Consumer
C06799,West,Business
C06800,North,Consumer
C06801,South,Business
C06802,East,Consumer
C06803,West,Business
C06804,North,Consumer
C06805,South,Business
C06806,East,Consumer
C06807,West,Business
C06808,North,Consumer
C06809,South,Business
C06810,East,Consumer
C06811,West,Business
C06812,North,Consumer
C06813,South,Business
C06814,East,Consumer
C06815,West,Business
C06816,North,Consumer
C06817,South,Business
C06818,East,Consumer
C06819,West,Business
C06820,North,Consumer
C06821,South,Business
C06822,East,Consumer
C06823,West,Business
C06824,North,Consumer
C06825,South,Business
C06826,East,Consumer
C06827,West,Business
C06828,North,Consumer
C06829,South,Business
C06830,East,Consumer
C06831,West,Business
C06832,North,Consumer
C06833,South,Business
C06834,East,Consumer
C06835,West,Business
C06836,North,Consumer
C06837,South,Business
C06838,East,Consumer
C06839,West,Business
C06840,North,Consumer
C06841,South,Business
C06842,East,Consumer
C06843,West,Business
C06844,North,Consumer
C06845,South,Business
C06846,East,Consumer
C06847,West,Business
C06848,North,Consumer
C06849,South,Business
C06850,East,Consumer
C06851,West,Business
C06852,North,Consumer
C06853,South,Business
C06854,East,Consumer
C06855,West,Business
C06856,North,Consumer
C06857,South,Business
C06858,East,Consumer
C06859,West,Business
C06860,North,Consumer
C06861,South,Business
C06862,East,Consumer
C06863,West,Business
C06864,North,Consumer
C06865,South,Business
C06866,East,Consumer
C06867,West,Business
C06868,North,Consumer
C06869,South,Business
C06870,East,Consumer
C06871,West,Business
C06872,North,Consumer
C06873,South,Business
C06874,East,Consumer
C06875,West,Business
C06876,North,Consumer
C06877,South,Business
C06878,East,Consumer
C06879,West,Business
C06880,North,Consumer
C06881,South,Business
C06882,East,Consumer
C06883,West,Business
C06884,North,Consumer
C06885,South,Business
C06886,East,Consumer
C06887,West,Business
C06888,North,Consumer
C06889,South,Business
C06890,East,Consumer
C06891,West,Business
C06892,North,Consumer
C06893,South,Business
C06894,East,Consumer
C06895,West,Business
C06896,North,Consumer
C06897,South,Business
C06898,East,Consumer
C06899,West,Business
C06900,North,Consumer
C06901,South,Business
C06902,East,Consumer
C06903,West,Business
C06904,North,Consumer
C06905,South,Business
C06906,East,Consumer
C06907,West,Business
C06908,North,Consumer
C06909,South,Business
C06910,East,Consumer
C06911,West,Business
C06912,North,Consumer
C06913,South,Business
C06914,East,Consumer
C06915,West,Business
C06916,North,Consumer
C06917,South,Business
C06918,East,Consumer
C06919,West,Business
C06920,North,Consumer
C06921,South,Business
C06922,East,Consumer
C06923,West,Business
C06924,North,Consumer
C06925,South,Business
C06926,East,Consumer
C06927,West,Business
C06928,North,Consumer
C06929,South,Business
C06930,East,Consumer
C06931,West,Business
C06932,North,Consumer
C06933,South,Business
C06934,East,Consumer
C06935,West,Business
C06936,North,Consumer
C06937,South,Business
C06938,East,Consumer
C06939,West,Business
C06940,North,Consumer
C06941,South,Business
C06942,East,Consumer
C06943,West,Business
C06944,North,Consumer
C06945,South,Business
C06946,East,Consumer
C06947,West,Business
C06948,North,Consumer
C06949,South,Business
C06950,East,Consumer
C06951,West,Business
C06952,North,Consumer
C06953,South,Business
C06954,East,Consumer
C06955,West,Business
C06956,North,Consumer
C06957,South,Business
C06958,East,Consumer
C06959,West,Business
C06960,North,Consumer
C06961,South,Business
C06962,East,Consumer
C06963,West,Business
C06964,North,Consumer
C06965,South,Business
C06966,East,Consumer
C06967,West,Business
C06968,North,Consumer
C06969,South,Business
C06970,East,Consumer
C06971,West,Business
C06972,North,Consumer
C06973,South,Business
C06974,East,Consumer
C06975,West,Business
C06976,North,Consumer
C06977,South,Business
C06978,East,Consumer
C06979,West,Business
C06980,North,Consumer
C06981,South,Business
C06982,East,Consumer
C06983,West,Business
C06984,North,Consumer
C06985,South,Business
C06986,East,Consumer
C06987,West,Business
C06988,North,Consumer
C06989,South,Business
C06990,East,Consumer
C06991,West,Business
C06992,North,Consumer
C06993,South,Business
C06994,East,Consumer
C06995,West,Business
C06996,North,Consumer
C06997,South,Business
C06998,East,Consumer
C06999,West,Business
C07000,North,Consumer
C07001,South,Business
C07002,East,Consumer
C07003,West,Business
C07004,North,Consumer
C07005,South,Business
C07006,East,Consumer
C07007,West,Business
C07008,North,Consumer
C07009,South,Business
C07010,East,Consumer
C07011,West,Business
C07012,North,Consumer
C07013,South,Business
C07014,East,Consumer
C07015,West,Business
C07016,North,Consumer
C07017,South,Business
C07018,East,Consumer
C07019,West,Business
C07020,North,Consumer
C07021,South,Business
C07022,East,Consumer
C07023,West,Business
C07024,North,Consumer
C07025,South,Business
C07026,East,Consumer
C07027,West,Business
C07028,North,Consumer
C07029,South,Business
C07030,East,Consumer
C07031,West,Business
C07032,North,Consumer
C07033,South,Business
C07034,East,Consumer
C07035,West,Business
C07036,North,Consumer
C07037,South,Business
C07038,East,Consumer
C07039,West,Business
C07040,North,Consumer
C07041,South,Business
C07042,East,Consumer
C07043,West,Business
C07044,North,Consumer
C07045,South,Business
C07046,East,Consumer
C07047,West,Business
C07048,North,Consumer
C07049,South,Business
C07050,East,Consumer
C07051,West,Business
C07052,North,Consumer
C07053,South,Business
C07054,East,Consumer
C07055,West,Business
C07056,North,Consumer
C07057,South,Business
C07058,East,Consumer
C07059,West,Business
C07060,North,Consumer
C07061,South,Business
C07062,East,Consumer
C07063,West,Business
C07064,North,Consumer
C07065,South,Business
C07066,East,Consumer
C07067,West,Business
C07068,North,Consumer
C07069,South,Business
C07070,East,Consumer
C07071,West,Business
C07072,North,Consumer
C07073,South,Business
C07074,East,Consumer
C07075,West,Business
C07076,North,Consumer
C07077,South,Business
C07078,East,Consumer
C07079,West,Business
C07080,North,Consumer
C07081,South,Business
C07082,East,Consumer
C07083,West,Business
C07084,North,Consumer
C07085,South,Business
C07086,East,Consumer
C07087,West,Business
C07088,North,Consumer
C07089,South,Business
C07090,East,Consumer
C07091,West,Business
C07092,North,Consumer
C07093,South,Business
C07094,East,Consumer
C07095,West,Business
C07096,North,Consumer
C07097,South,Business
C07098,East,Consumer
C07099,West,Business
C07100,North,Consumer
C07101,South,Business
C07102,East,Consumer
C07103,West,Business
C07104,North,Consumer
C07105,South,Business
C07106,East,Consumer
C07107,West,Business
C07108,North,Consumer
C07109,South,Business
C07110,East,Consumer
C07111,West,Business
C07112,North,Consumer
C07113,South,Business
C07114,East,Consumer
C07115,West,Business
C07116,North,Consumer
C07117,South,Business
C07118,East,Consumer
C07119,West,Business
C07120,North,Consumer
C07121,South,Business
C07122,East,Consumer
C07123,West,Business
C07124,North,Consumer
C07125,South,Business
C07126,East,Consumer
C07127,West,Business
C07128,North,Consumer
C07129,South,Business
C07130,East,Consumer
C07131,West,Business
C07132,North,Consumer
C07133,South,Business
C07134,East,Consumer
C07135,West,Business
C07136,North,Consumer
C07137,South,Business
C07138,East,Consumer
C07139,West,Business
C07140,North,Consumer
C07141,South,Business
C07142,East,Consumer
C07143,West,Business
C07144,North,Consumer
C07145,South,Business
C07146,East,Consumer
C07147,West,Business
C07148,North,Consumer
C07149,South,Business
C07150,East,Consumer
C07151,West,Business
C07152,North,Consumer
C07153,South,Business
C07154,East,Consumer
C07155,West,Business
C07156,North,Consumer
C07157,South,Business
C07158,East,Consumer
C07159,West,Business
C07160,North,Consumer
C07161,South,Business
C07162,East,Consumer
C07163,West,Business
C07164,North,Consumer
C07165,South,Business
C07166,East,Consumer
C07167,West,Business
C07168,North,Consumer
C07169,South,Business
C07170,East,Consumer
C07171,West,Business
C07172,North,Consumer
C07173,South,Business
C07174,East,Consumer
C07175,West,Business
C07176,North,Consumer
C07177,South,Business
C07178,East,Consumer
C07179,West,Business
C07180,North,Consumer
C07181,South,Business
C07182,East,Consumer
C07183,West,Business
C07184,North,Consumer
C07185,South,Business
C07186,East,Consumer
C07187,West,Business
C07188,North,Consumer
C07189,South,Business
C07190,East,Consumer
C07191,West,Business
C07192,North,Consumer
C07193,South,Business
C07194,East,Consumer
C07195,West,Business
C07196,North,Consumer
C07197,South,Business
C07198,East,Consumer
C07199,West,Business
C07200,North,Consumer
C07201,South,Business
C07202,East,Consumer
C07203,West,Business
C07204,North,Consumer
C07205,South,Business
C07206,East,Consumer
C07207,West,Business
C07208,North,Consumer
C07209,South,Business
C07210,East,Consumer
C07211,West,Business
C07212,North,Consumer
C07213,South,Business
C07214,East,Consumer
C07215,West,Business
C07216,North,Consumer
C07217,South,Business
C07218,East,Consumer
C07219,West,Business
C07220,North,Consumer
C07221,South,Business
C07222,East,Consumer
C07223,West,Business
C07224,North,Consumer
C07225,South,Business
C07226,East,Consumer
C07227,West,Business
C07228,North,Consumer
C07229,South,Business
C07230,East,Consumer
C07231,West,Business
C07232,North,Consumer
C07233,South,Business
C07234,East,Consumer
C07235,West,Business
C07236,North,Consumer
C07237,South,Business
C07238,East,Consumer
C07239,West,Business
C07240,North,Consumer
C07241,South,Business
C07242,East,Consumer
C07243,West,Business
C07244,North,Consumer
C07245,South,Business
C07246,East,Consumer
C07247,West,Business
C07248,North,Consumer
C07249,South,Business
C07250,East,Consumer
C07251,West,Business
C07252,North,Consumer
C07253,South,Business
C07254,East,Consumer
C07255,West,Business
C07256,North,Consumer
C07257,South,Business
C07258,East,Consumer
C07259,West,Business
C07260,North,Consumer
C07261,South,Business
C07262,East,Consumer
C07263,West,Business
C07264,North,Consumer
C07265,South,Business
C07266,East,Consumer
C07267,West,Business
C07268,North,Consumer
C07269,South,Business
C07270,East,Consumer
C07271,West,Business
C07272,North,Consumer
C07273,South,Business
C07274,East,Consumer
C07275,West,Business
C07276,North,Consumer
C07277,South,Business
C07278,East,Consumer
C07279,West,Business
C07280,North,Consumer
C07281,South,Business
C07282,East,Consumer
C07283,West,Business
C07284,North,Consumer
C07285,South,Business
C07286,East,Consumer
C07287,West,Business
C07288,North,Consumer
C07289,South,Business
C07290,East,Consumer
C07291,West,Business
C07292,North,Consumer
C07293,South,Business
C07294,East,Consumer
C07295,West,Business
C07296,North,Consumer
C07297,South,Business
C07298,East,Consumer
C07299,West,Business
C07300,North,Consumer
C07301,South,Business
C07302,East,Consumer
C07303,West,Business
C07304,North,Consumer
C07305,South,Business
C07306,East,Consumer
C07307,West,Business
C07308,North,Consumer
C07309,South,Business
C07310,East,Consumer
C07311,West,Business
C07312,North,Consumer
C07313,South,Business
C07314,East,Consumer
C07315,West,Business
C07316,North,Consumer
C07317,South,Business
C07318,East,Consumer
C07319,West,Business
C07320,North,Consumer
C07321,South,Business
C07322,East,Consumer
C07323,West,Business
C07324,North,Consumer
C07325,South,Business
C07326,East,Consumer
C07327,West,Business
C07328,North,Consumer
C07329,South,Business
C07330,East,Consumer
C07331,West,Business
C07332,North,Consumer
C07333,South,Business
C07334,East,Consumer
C07335,West,Business
C07336,North,Consumer
C07337,South,Business
C07338,East,Consumer
C07339,West,Business
C07340,North,Consumer
C07341,South,Business
C07342,East,Consumer
C07343,West,Business
C07344,North,Consumer
C07345,South,Business
C07346,East,Consumer
C07347,West,Business
C07348,North,Consumer
C07349,South,Business
C07350,East,Consumer
C07351,West,Business
C07352,North,Consumer
C07353,South,Business
C07354,East,Consumer
C07355,West,Business
C07356,North,Consumer
C07357,South,Business
C07358,East,Consumer
C07359,West,Business
C07360,North,Consumer
C07361,South,Business
C07362,East,Consumer
C07363,West,Business
C07364,North,Consumer
C07365,South,Business
C07366,East,Consumer
C07367,West,Business
C07368,North,Consumer
C07369,South,Business
C07370,East,Consumer
C07371,West,Business
C07372,North,Consumer
C07373,South,Business
C07374,East,Consumer
C07375,West,Business
C07376,North,Consumer
C07377,South,Business
C07378,East,Consumer
C07379,West,Business
C07380,North,Consumer
C07381,South,Business
C07382,East,Consumer
C07383,West,Business
C07384,North,Consumer
C07385,South,Business
C07386,East,Consumer
C07387,West,Business
C07388,North,Consumer
C07389,South,Business
C07390,East,Consumer
C07391,West,Business
C07392,North,Consumer
C07393,South,Business
C07394,East,Consumer
C07395,West,Business
C07396,North,Consumer
C07397,South,Business
C07398,East,Consumer
C07399,West,Business
C07400,North,Consumer
C07401,South,Business
C07402,East,Consumer
C07403,West,Business
C07404,North,Consumer
C07405,South,Business
C07406,East,Consumer
C07407,West,Business
C07408,North,Consumer
C07409,South,Business
C07410,East,Consumer
C07411,West,Business
C07412,North,Consumer
C07413,South,Business
C07414,East,Consumer
C07415,West,Business
C07416,North,Consumer
C07417,South,Business
C07418,East,Consumer
C07419,West,Business
C07420,North,Consumer
C07421,South,Business
C07422,East,Consumer
C07423,West,Business
C07424,North,Consumer
C07425,South,Business
C07426,East,Consumer
C07427,West,Business
C07428,North,Consumer
C07429,South,Business
C07430,East,Consumer
C07431,West,Business
C07432,North,Consumer
C07433,South,Business
C07434,East,Consumer
C07435,West,Business
C07436,North,Consumer
C07437,South,Business
C07438,East,Consumer
C07439,West,Business
C07440,North,Consumer
C07441,South,Business
C07442,East,Consumer
C07443,West,Business
C07444,North,Consumer
C07445,South,Business
C07446,East,Consumer
C07447,West,Business
C07448,North,Consumer
C07449,South,Business
C07450,East,Consumer
C07451,West,Business
C07452,North,Consumer
C07453,South,Business
C07454,East,Consumer
C07455,West,Business
C07456,North,Consumer
C07457,South,Business
C07458,East,Consumer
C07459,West,Business
C07460,North,Consumer
C07461,South,Business
C07462,East,Consumer
C07463,West,Business
C07464,North,Consumer
C07465,South,Business
C07466,East,Consumer
C07467,West,Business
C07468,North,Consumer
C07469,South,Business
C07470,East,Consumer
C07471,West,Business
C07472,North,Consumer
C07473,South,Business
C07474,East,Consumer
C07475,West,Business
C07476,North,Consumer
C07477,South,Business
C07478,East,Consumer
C07479,West,Business
C07480,North,Consumer
C07481,South,Business
C07482,East,Consumer
C07483,West,Business
C07484,North,Consumer
C07485,South,Business
C07486,East,Consumer
C07487,West,Business
C07488,North,Consumer
C07489,South,Business
C07490,East,Consumer
C07491,West,Business
C07492,North,Consumer
C07493,South,Business
C07494,East,Consumer
C07495,West,Business
C07496,North,Consumer
C07497,South,Business
C07498,East,Consumer
C07499,West,Business
C07500,North,Consumer
C07501,South,Business
C07502,East,Consumer
C07503,West,Business
C07504,North,Consumer
C07505,South,Business
C07506,East,Consumer
C07507,West,Business
C07508,North,Consumer
C07509,South,Business
C07510,East,Consumer
C07511,West,Business
C07512,North,Consumer
C07513,South,Business
C07514,East,Consumer
C07515,West,Business
C07516,North,Consumer
C07517,South,Business
C07518,East,Consumer
C07519,West,Business
C07520,North,Consumer
C07521,South,Business
C07522,East,Consumer
C07523,West,Business
C07524,North,Consumer
C07525,South,Business
C07526,East,Consumer
C07527,West,Business
C07528,North,Consumer
C07529,South,Business
C07530,East,Consumer
C07531,West,Business
C07532,North,Consumer
C07533,South,Business
C07534,East,Consumer
C07535,West,Business
C07536,North,Consumer
C07537,South,Business
C07538,East,Consumer
C07539,West,Business
C07540,North,Consumer
C07541,South,Business
C07542,East,Consumer
C07543,West,Business
C07544,North,Consumer
C07545,South,Business
C07546,East,Consumer
C07547,West,Business
C07548,North,Consumer
C07549,South,Business
C07550,East,Consumer
C07551,West,Business
C07552,North,Consumer
C07553,South,Business
C07554,East,Consumer
C07555,West,Business
C07556,North,Consumer
C07557,South,Business
C07558,East,Consumer
C07559,West,Business
C07560,North,Consumer
C07561,South,Business
C07562,East,Consumer
C07563,West,Business
C07564,North,Consumer
C07565,South,Business
C07566,East,Consumer
C07567,West,Business
C07568,North,Consumer
C07569,South,Business
C07570,East,Consumer
C07571,West,Business
C07572,North,Consumer
C07573,South,Business
C07574,East,Consumer
C07575,West,Business
C07576,North,Consumer
C07577,South,Business
C07578,East,Consumer
C07579,West,Business
C07580,North,Consumer
C07581,South,Business
C07582,East,Consumer
C07583,West,Business
C07584,North,Consumer
C07585,South,Business
C07586,East,Consumer
C07587,West,Business
C07588,North,Consumer
C07589,South,Business
C07590,East,Consumer
C07591,West,Business
C07592,North,Consumer
C07593,South,Business
C07594,East,Consumer
C07595,West,Business
C07596,North,Consumer
C07597,South,Business
C07598,East,Consumer
C07599,West,Business
C07600,North,Consumer
C07601,South,Business
C07602,East,Consumer
C07603,West,Business
C07604,North,Consumer
C07605,South,Business
C07606,East,Consumer
C07607,West,Business
C07608,North,Consumer
C07609,South,Business
C07610,East,Consumer
C07611,West,Business
C07612,North,Consumer
C07613,South,Business
C07614,East,Consumer
C07615,West,Business
C07616,North,Consumer
C07617,South,Business
C07618,East,Consumer
C07619,West,Business
C07620,North,Consumer
C07621,South,Business
C07622,East,Consumer
C07623,West,Business
C07624,North,Consumer
C07625,South,Business
C07626,East,Consumer
C07627,West,Business
C07628,North,Consumer
C07629,South,Business
C07630,East,Consumer
C07631,West,Business
C07632,North,Consumer
C07633,South,Business
C07634,East,Consumer
C07635,West,Business
C07636,North,Consumer
C07637,South,Business
C07638,East,Consumer
C07639,West,Business
C07640,North,Consumer
C07641,South,Business
C07642,East,Consumer
C07643,West,Business
C07644,North,Consumer
C07645,South,Business
C07646,East,Consumer
C07647,West,Business
C07648,North,Consumer
C07649,South,Business
C07650,East,Consumer
C07651,West,Business
C07652,North,Consumer
C07653,South,Business
C07654,East,Consumer
C07655,West,Business
C07656,North,Consumer
C07657,South,Business
C07658,East,Consumer
C07659,West,Business
C07660,North,Consumer
C07661,South,Business
C07662,East,Consumer
C07663,West,Business
C07664,North,Consumer
C07665,South,Business
C07666,East,Consumer
C07667,West,Business
C07668,North,Consumer
C07669,South,Business
C07670,East,Consumer
C07671,West,Business
C07672,North,Consumer
C07673,South,Business
C07674,East,Consumer
C07675,West,Business
C07676,North,Consumer
C07677,South,Business
C07678,East,Consumer
C07679,West,Business
C07680,North,Consumer
C07681,South,Business
C07682,East,Consumer
C07683,West,Business
C07684,North,Consumer
C07685,South,Business
C07686,East,Consumer
C07687,West,Business
C07688,North,Consumer
C07689,South,Business
C07690,East,Consumer
C07691,West,Business
C07692,North,Consumer
C07693,South,Business
C07694,East,Consumer
C07695,West,Business
C07696,North,Consumer
C07697,South,Business
C07698,East,Consumer
C07699,West,Business
C07700,North,Consumer
C07701,South,Business
C07702,East,Consumer
C07703,West,Business
C07704,North,Consumer
C07705,South,Business
C07706,East,Consumer
C07707,West,Business
C07708,North,Consumer
C07709,South,Business
C07710,East,Consumer
C07711,West,Business
C07712,North,Consumer
C07713,South,Business
C07714,East,Consumer
C07715,West,Business
C07716,North,Consumer
C07717,South,Business
C07718,East,Consumer
C07719,West,Business
C07720,North,Consumer
C07721,South,Business
C07722,East,Consumer
C07723,West,Business
C07724,North,Consumer
C07725,South,Business
C07726,East,Consumer
C07727,West,Business
C07728,North,Consumer
C07729,South,Business
C07730,East,Consumer
C07731,West,Business
C07732,North,Consumer
C07733,South,Business
C07734,East,Consumer
C07735,West,Business
C07736,North,Consumer
C07737,South,Business
C07738,East,Consumer
C07739,West,Business
C07740,North,Consumer
C07741,South,Business
C07742,East,Consumer
C07743,West,Business
C07744,North,Consumer
C07745,South,Business
C07746,East,Consumer
C07747,West,Business
C07748,North,Consumer
C07749,South,Business
C07750,East,Consumer
C07751,West,Business
C07752,North,Consumer
C07753,South,Business
C07754,East,Consumer
C07755,West,Business
C07756,North,Consumer
C07757,South,Business
C07758,East,Consumer
C07759,West,Business
C07760,North,Consumer
C07761,South,Business
C07762,East,Consumer
C07763,West,Business
C07764,North,Consumer
C07765,South,Business
C07766,East,Consumer
C07767,West,Business
C07768,North,Consumer
C07769,South,Business
C07770,East,Consumer
C07771,West,Business
C07772,North,Consumer
C07773,South,Business
C07774,East,Consumer
C07775,West,Business
C07776,North,Consumer
C07777,South,Business
C07778,East,Consumer
C07779,West,Business
C07780,North,Consumer
C07781,South,Business
C07782,East,Consumer
C07783,West,Business
C07784,North,Consumer
C07785,South,Business
C07786,East,Consumer
C07787,West,Business
C07788,North,Consumer
C07789,South,Business
C07790,East,Consumer
C07791,West,Business
C07792,North,Consumer
C07793,South,Business
C07794,East,Consumer
C07795,West,Business
C07796,North,Consumer
C07797,South,Business
C07798,East,Consumer
C07799,West,Business
C07800,North,Consumer
C07801,South,Business
C07802,East,Consumer
C07803,West,Business
C07804,North,Consumer
C07805,South,Business
C07806,East,Consumer
C07807,West,Business
C07808,North,Consumer
C07809,South,Business
C07810,East,Consumer
C07811,West,Business
C07812,North,Consumer
C07813,South,Business
C07814,East,Consumer
C07815,West,Business
C07816,North,Consumer
C07817,South,Business
C07818,East,Consumer
C07819,West,Business
C07820,North,Consumer
C07821,South,Business
C07822,East,Consumer
C07823,West,Business
C07824,North,Consumer
C07825,South,Business
C07826,East,Consumer
C07827,West,Business
C07828,North,Consumer
C07829,South,Business
C07830,East,Consumer
C07831,West,Business
C07832,North,Consumer
C07833,South,Business
C07834,East,Consumer
C07835,West,Business
C07836,North,Consumer
C07837,South,Business
C07838,East,Consumer
C07839,West,Business
C07840,North,Consumer
C07841,South,Business
C07842,East,Consumer
C07843,West,Business
C07844,North,Consumer
C07845,South,Business
C07846,East,Consumer
C07847,West,Business
C07848,North,Consumer
C07849,South,Business
C07850,East,Consumer
C07851,West,Business
C07852,North,Consumer
C07853,South,Business
C07854,East,Consumer
C07855,West,Business
C07856,North,Consumer
C07857,South,Business
C07858,East,Consumer
C07859,West,Business
C07860,North,Consumer
C07861,South,Business
C07862,East,Consumer
C07863,West,Business
C07864,North,Consumer
C07865,South,Business
C07866,East,Consumer
C07867,West,Business
C07868,North,Consumer
C07869,South,Business
C07870,East,Consumer
C07871,West,Business
C07872,North,Consumer
C07873,South,Business
C07874,East,Consumer
C07875,West,Business
C07876,North,Consumer
C07877,South,Business
C07878,East,Consumer
C07879,West,Business
C07880,North,Consumer
C07881,South,Business
C07882,East,Consumer
C07883,West,Business
C07884,North,Consumer
C07885,South,Business
C07886,East,Consumer
C07887,West,Business
C07888,North,Consumer
C07889,South,Business
C07890,East,Consumer
C07891,West,Business
C07892,North,Consumer
C07893,South,Business
C07894,East,Consumer
C07895,West,Business
C07896,North,Consumer
C07897,South,Business
C07898,East,Consumer
C07899,West,Business
C07900,North,Consumer
C07901,South,Business
C07902,East,Consumer
C07903,West,Business
C07904,North,Consumer
C07905,South,Business
C07906,East,Consumer
C07907,West,Business
C07908,North,Consumer
C07909,South,Business
C07910,East,Consumer
C07911,West,Business
C07912,North,Consumer
C07913,South,Business
C07914,East,Consumer
C07915,West,Business
C07916,North,Consumer
C07917,South,Business
C07918,East,Consumer
C07919,West,Business
C07920,North,Consumer
C07921,South,Business
C07922,East,Consumer
C07923,West,Business
C07924,North,Consumer
C07925,South,Business
C07926,East,Consumer
C07927,West,Business
C07928,North,Consumer
C07929,South,Business
C07930,East,Consumer
C07931,West,Business
C07932,North,Consumer
C07933,South,Business
C07934,East,Consumer
C07935,West,Business
C07936,North,Consumer
C07937,South,Business
C07938,East,Consumer
C07939,West,Business
C07940,North,Consumer
C07941,South,Business
C07942,East,Consumer
C07943,West,Business
C07944,North,Consumer
C07945,South,Business
C07946,East,Consumer
C07947,West,Business
C07948,North,Consumer
C07949,South,Business
C07950,East,Consumer
C07951,West,Business
C07952,North,Consumer
C07953,South,Business
C07954,East,Consumer
C07955,West,Business
C07956,North,Consumer
C07957,South,Business
C07958,East,Consumer
C07959,West,Business
C07960,North,Consumer
C07961,South,Business
C07962,East,Consumer
C07963,West,Business
C07964,North,Consumer
C07965,South,Business
C07966,East,Consumer
C07967,West,Business
C07968,North,Consumer
C07969,South,Business
C07970,East,Consumer
C07971,West,Business
C07972,North,Consumer
C07973,South,Business
C07974,East,Consumer
C07975,West,Business
C07976,North,Consumer
C07977,South,Business
C07978,East,Consumer
C07979,West,Business
C07980,North,Consumer
C07981,South,Business
C07982,East,Consumer
C07983,West,Business
C07984,North,Consumer
C07985,South,Business
C07986,East,Consumer
C07987,West,Business
C07988,North,Consumer
C07989,South,Business
C07990,East,Consumer
C07991,West,Business
C07992,North,Consumer
C07993,South,Business
C07994,East,Consumer
C07995,West,Business
C07996,North,Consumer
C07997,South,Business
C07998,East,Consumer
C07999,West,Business
C08000,North,Consumer
C08001,South,Business
C08002,East,Consumer
C08003,West,Business
C08004,North,Consumer
C08005,South,Business
C08006,East,Consumer
C08007,West,Business
C08008,North,Consumer
C08009,South,Business
C08010,East,Consumer
C08011,West,Business
C08012,North,Consumer
C08013,South,Business
C08014,East,Consumer
C08015,West,Business
C08016,North,Consumer
C08017,South,Business
C08018,East,Consumer
C08019,West,Business
C08020,North,Consumer
C08021,South,Business
C08022,East,Consumer
C08023,West,Business
C08024,North,Consumer
C08025,South,Business
C08026,East,Consumer
C08027,West,Business
C08028,North,Consumer
C08029,South,Business
C08030,East,Consumer
C08031,West,Business
C08032,North,Consumer
C08033,South,Business
C08034,East,Consumer
C08035,West,Business
C08036,North,Consumer
C08037,South,Business
C08038,East,Consumer
C08039,West,Business
C08040,North,Consumer
C08041,South,Business
C08042,East,Consumer
C08043,West,Business
C08044,North,Consumer
C08045,South,Business
C08046,East,Consumer
C08047,West,Business
C08048,North,Consumer
C08049,South,Business
C08050,East,Consumer
C08051,West,Business
C08052,North,Consumer
C08053,South,Business
C08054,East,Consumer
C08055,West,Business
C08056,North,Consumer
C08057,South,Business
C08058,East,Consumer
C08059,West,Business
C08060,North,Consumer
C08061,South,Business
C08062,East,Consumer
C08063,West,Business
C08064,North,Consumer
C08065,South,Business
C08066,East,Consumer
C08067,West,Business
C08068,North,Consumer
C08069,South,Business
C08070,East,Consumer
C08071,West,Business
C08072,North,Consumer
C08073,South,Business
C08074,East,Consumer
C08075,West,Business
C08076,North,Consumer
C08077,South,Business
C08078,East,Consumer
C08079,West,Business
C08080,North,Consumer
C08081,South,Business
C08082,East,Consumer
C08083,West,Business
C08084,North,Consumer
C08085,South,Business
C08086,East,Consumer
C08087,West,Business
C08088,North,Consumer
C08089,South,Business
C08090,East,Consumer
C08091,West,Business
C08092,North,Consumer
C08093,South,Business
C08094,East,Consumer
C08095,West,Business
C08096,North,Consumer
C08097,South,Business
C08098,East,Consumer
C08099,West,Business
C08100,North,Consumer
C08101,South,Business
C08102,East,Consumer
C08103,West,Business
C08104,North,Consumer
C08105,South,Business
C08106,East,Consumer
C08107,West,Business
C08108,North,Consumer
C08109,South,Business
C08110,East,Consumer
C08111,West,Business
C08112,North,Consumer
C08113,South,Business
C08114,East,Consumer
C08115,West,Business
C08116,North,Consumer
C08117,South,Business
C08118,East,Consumer
C08119,West,Business
C08120,North,Consumer
C08121,South,Business
C08122,East,Consumer
C08123,West,Business
C08124,North,Consumer
C08125,South,Business
C08126,East,Consumer
C08127,West,Business
C08128,North,Consumer
C08129,South,Business
C08130,East,Consumer
C08131,West,Business
C08132,North,Consumer
C08133,South,Business
C08134,East,Consumer
C08135,West,Business
C08136,North,Consumer
C08137,South,Business
C08138,East,Consumer
C08139,West,Business
C08140,North,Consumer
C08141,South,Business
C08142,East,Consumer
C08143,West,Business
C08144,North,Consumer
C08145,South,Business
C08146,East,Consumer
C08147,West,Business
C08148,North,Consumer
C08149,South,Business
C08150,East,Consumer
C08151,West,Business
C08152,North,Consumer
C08153,South,Business
C08154,East,Consumer
C08155,West,Business
C08156,North,Consumer
C08157,South,Business
C08158,East,Consumer
C08159,West,Business
C08160,North,Consumer
C08161,South,Business
C08162,East,Consumer
C08163,West,Business
C08164,North,Consumer
C08165,South,Business
C08166,East,Consumer
C08167,West,Business
C08168,North,Consumer
C08169,South,Business
C08170,East,Consumer
C08171,West,Business
C08172,North,Consumer
C08173,South,Business
C08174,East,Consumer
C08175,West,Business
C08176,North,Consumer
C08177,South,Business
C08178,East,Consumer
C08179,West,Business
C08180,North,Consumer
C08181,South,Business
C08182,East,Consumer
C08183,West,Business
C08184,North,Consumer
C08185,South,Business
C08186,East,Consumer
C08187,West,Business
C08188,North,Consumer
C08189,South,Business
C08190,East,Consumer
C08191,West,Business
C08192,North,Consumer
C08193,South,Business
C08194,East,Consumer
C08195,West,Business
C08196,North,Consumer
C08197,South,Business
C08198,East,Consumer
C08199,West,Business
C08200,North,Consumer
C08201,South,Business
C08202,East,Consumer
C08203,West,Business
C08204,North,Consumer
C08205,South,Business
C08206,East,Consumer
C08207,West,Business
C08208,North,Consumer
C08209,South,Business
C08210,East,Consumer
C08211,West,Business
C08212,North,Consumer
C08213,South,Business
C08214,East,Consumer
C08215,West,Business
C08216,North,Consumer
C08217,South,Business
C08218,East,Consumer
C08219,West,Business
C08220,North,Consumer
C08221,South,Business
C08222,East,Consumer
C08223,West,Business
C08224,North,Consumer
C08225,South,Business
C08226,East,Consumer
C08227,West,Business
C08228,North,Consumer
C08229,South,Business
C08230,East,Consumer
C08231,West,Business
C08232,North,Consumer
C08233,South,Business
C08234,East,Consumer
C08235,West,Business
C08236,North,Consumer
C08237,South,Business
C08238,East,Consumer
C08239,West,Business
C08240,North,Consumer
C08241,South,Business
C08242,East,Consumer
C08243,West,Business
C08244,North,Consumer
C08245,South,Business
C08246,East,Consumer
C08247,West,Business
C08248,North,Consumer
C08249,South,Business
C08250,East,Consumer
C08251,West,Business
C08252,North,Consumer
C08253,South,Business
C08254,East,Consumer
C08255,West,Business
C08256,North,Consumer
C08257,South,Business
C08258,East,Consumer
C08259,West,Business
C08260,North,Consumer
C08261,South,Business
C08262,East,Consumer
C08263,West,Business
C08264,North,Consumer
C08265,South,Business
C08266,East,Consumer
C08267,West,Business
C08268,North,Consumer
C08269,South,Business
C08270,East,Consumer
C08271,West,Business
C08272,North,Consumer
C08273,South,Business
C08274,East,Consumer
C08275,West,Business
C08276,North,Consumer
C08277,South,Business
C08278,East,Consumer
C08279,West,Business
C08280,North,Consumer
C08281,South,Business
C08282,East,Consumer
C08283,West,Business
C08284,North,Consumer
C08285,South,Business
C08286,East,Consumer
C08287,West,Business
C08288,North,Consumer
C08289,South,Business
C08290,East,Consumer
C08291,West,Business
C08292,North,Consumer
C08293,South,Business
C08294,East,Consumer
C08295,West,Business
C08296,North,Consumer
C08297,South,Business
C08298,East,Consumer
C08299,West,Business
C08300,North,Consumer
C08301,South,Business
C08302,East,Consumer
C08303,West,Business
C08304,North,Consumer
C08305,South,Business
C08306,East,Consumer
C08307,West,Business
C08308,North,Consumer
C08309,South,Business
C08310,East,Consumer
C08311,West,Business
C08312,North,Consumer
C08313,South,Business
C08314,East,Consumer
C08315,West,Business
C08316,North,Consumer
C08317,South,Business
C08318,East,Consumer
C08319,West,Business
C08320,North,Consumer
C08321,South,Business
C08322,East,Consumer
C08323,West,Business
C08324,North,Consumer
C08325,South,Business
C08326,East,Consumer
C08327,West,Business
C08328,North,Consumer
C08329,South,Business
C08330,East,Consumer
C08331,West,Business
C08332,North,Consumer
C08333,South,Business
C08334,East,Consumer
C08335,West,Business
C08336,North,Consumer
C08337,South,Business
C08338,East,Consumer
C08339,West,Business
C08340,North,Consumer
C08341,South,Business
C08342,East,Consumer
C08343,West,Business
C08344,North,Consumer
C08345,South,Business
C08346,East,Consumer
C08347,West,Business
C08348,North,Consumer
C08349,South,Business
C08350,East,Consumer
C08351,West,Business
C08352,North,Consumer
C08353,South,Business
C08354,East,Consumer
C08355,West,Business
C08356,North,Consumer
C08357,South,Business
C08358,East,Consumer
C08359,West,Business
C08360,North,Consumer
C08361,South,Business
C08362,East,Consumer
C08363,West,Business
C08364,North,Consumer
C08365,South,Business
C08366,East,Consumer
C08367,West,Business
C08368,North,Consumer
C08369,South,Business
C08370,East,Consumer
C08371,West,Business
C08372,North,Consumer
C08373,South,Business
C08374,East,Consumer
C08375,West,Business
C08376,North,Consumer
C08377,South,Business
C08378,East,Consumer
C08379,West,Business
C08380,North,Consumer
C08381,South,Business
C08382,East,Consumer
C08383,West,Business
C08384,North,Consumer
C08385,South,Business
C08386,East,Consumer
C08387,West,Business
C08388,North,Consumer
C08389,South,Business
C08390,East,Consumer
C08391,West,Business
C08392,North,Consumer
C08393,South,Business
C08394,East,Consumer
C08395,West,Business
C08396,North,Consumer
C08397,South,Business
C08398,East,Consumer
C08399,West,Business
C08400,North,Consumer
C08401,South,Business
C08402,East,Consumer
C08403,West,Business
C08404,North,Consumer
C08405,South,Business
C08406,East,Consumer
C08407,West,Business
C08408,North,Consumer
C08409,South,Business
C08410,East,Consumer
C08411,West,Business
C08412,North,Consumer
C08413,South,Business
C08414,East,Consumer
C08415,West,Business
C08416,North,Consumer
C08417,South,Business
C08418,East,Consumer
C08419,West,Business
C08420,North,Consumer
C08421,South,Business
C08422,East,Consumer
C08423,West,Business
C08424,North,Consumer
C08425,South,Business
C08426,East,Consumer
C08427,West,Business
C08428,North,Consumer
C08429,South,Business
C08430,East,Consumer
C08431,West,Business
C08432,North,Consumer
C08433,South,Business
C08434,East,Consumer
C08435,West,Business
C08436,North,Consumer
C08437,South,Business
C08438,East,Consumer
C08439,West,Business
C08440,North,Consumer
C08441,South,Business
C08442,East,Consumer
C08443,West,Business
C08444,North,Consumer
C08445,South,Business
C08446,East,Consumer
C08447,West,Business
C08448,North,Consumer
C08449,South,Business
C08450,East,Consumer
C08451,West,Business
C08452,North,Consumer
C08453,South,Business
C08454,East,Consumer
C08455,West,Business
C08456,North,Consumer
C08457,South,Business
C08458,East,Consumer
C08459,West,Business
C08460,North,Consumer
C08461,South,Business
C08462,East,Consumer
C08463,West,Business
C08464,North,Consumer
C08465,South,Business
C08466,East,Consumer
C08467,West,Business
C08468,North,Consumer
C08469,South,Business
C08470,East,Consumer
C08471,West,Business
C08472,North,Consumer
C08473,South,Business
C08474,East,Consumer
C08475,West,Business
C08476,North,Consumer
C08477,South,Business
C08478,East,Consumer
C08479,West,Business
C08480,North,Consumer
C08481,South,Business
C08482,East,Consumer
C08483,West,Business
C08484,North,Consumer
C08485,South,Business
C08486,East,Consumer
C08487,West,Business
C08488,North,Consumer
C08489,South,Business
C08490,East,Consumer
C08491,West,Business
C08492,North,Consumer
C08493,South,Business
C08494,East,Consumer
C08495,West,Business
C08496,North,Consumer
C08497,South,Business
C08498,East,Consumer
C08499,West,Business
C08500,North,Consumer
C08501,South,Business
C08502,East,Consumer
C08503,West,Business
C08504,North,Consumer
C08505,South,Business
C08506,East,Consumer
C08507,West,Business
C08508,North,Consumer
C08509,South,Business
C08510,East,Consumer
C08511,West,Business
C08512,North,Consumer
C08513,South,Business
C08514,East,Consumer
C08515,West,Business
C08516,North,Consumer
C08517,South,Business
C08518,East,Consumer
C08519,West,Business
C08520,North,Consumer
C08521,South,Business
C08522,East,Consumer
C08523,West,Business
C08524,North,Consumer
C08525,South,Business
C08526,East,Consumer
C08527,West,Business
C08528,North,Consumer
C08529,South,Business
C08530,East,Consumer
C08531,West,Business
C08532,North,Consumer
C08533,South,Business
C08534,East,Consumer
C08535,West,Business
C08536,North,Consumer
C08537,South,Business
C08538,East,Consumer
C08539,West,Business
C08540,North,Consumer
C08541,South,Business
C08542,East,Consumer
C08543,West,Business
C08544,North,Consumer
C08545,South,Business
C08546,East,Consumer
C08547,West,Business
C08548,North,Consumer
C08549,South,Business
C08550,East,Consumer
C08551,West,Business
C08552,North,Consumer
C08553,South,Business
C08554,East,Consumer
C08555,West,Business
C08556,North,Consumer
C08557,South,Business
C08558,East,Consumer
C08559,West,Business
C08560,North,Consumer
C08561,South,Business
C08562,East,Consumer
C08563,West,Business
C08564,North,Consumer
C08565,South,Business
C08566,East,Consumer
C08567,West,Business
C08568,North,Consumer
C08569,South,Business
C08570,East,Consumer
C08571,West,Business
C08572,North,Consumer
C08573,South,Business
C08574,East,Consumer
C08575,West,Business
C08576,North,Consumer
C08577,South,Business
C08578,East,Consumer
C08579,West,Business
C08580,North,Consumer
C08581,South,Business
C08582,East,Consumer
C08583,West,Business
C08584,North,Consumer
C08585,South,Business
C08586,East,Consumer
C08587,West,Business
C08588,North,Consumer
C08589,South,Business
C08590,East,Consumer
C08591,West,Business
C08592,North,Consumer
C08593,South,Business
C08594,East,Consumer
C08595,West,Business
C08596,North,Consumer
C08597,South,Business
C08598,East,Consumer
C08599,West,Business
C08600,North,Consumer
C08601,South,Business
C08602,East,Consumer
C08603,West,Business
C08604,North,Consumer
C08605,South,Business
C08606,East,Consumer
C08607,West,Business
C08608,North,Consumer
C08609,South,Business
C08610,East,Consumer
C08611,West,Business
C08612,North,Consumer
C08613,South,Business
C08614,East,Consumer
C08615,West,Business
C08616,North,Consumer
C08617,South,Business
C08618,East,Consumer
C08619,West,Business
C08620,North,Consumer
C08621,South,Business
C08622,East,Consumer
C08623,West,Business
C08624,North,Consumer
C08625,South,Business
C08626,East,Consumer
C08627,West,Business
C08628,North,Consumer
C08629,South,Business
C08630,East,Consumer
C08631,West,Business
C08632,North,Consumer
C08633,South,Business
C08634,East,Consumer
C08635,West,Business
C08636,North,Consumer
C08637,South,Business
C08638,East,Consumer
C08639,West,Business
C08640,North,Consumer
C08641,South,Business
C08642,East,Consumer
C08643,West,Business
C08644,North,Consumer
C08645,South,Business
C08646,East,Consumer
C08647,West,Business
C08648,North,Consumer
C08649,South,Business
C08650,East,Consumer
C08651,West,Business
C08652,North,Consumer
C08653,South,Business
C08654,East,Consumer
C08655,West,Business
C08656,North,Consumer
C08657,South,Business
C08658,East,Consumer
C08659,West,Business
C08660,North,Consumer
C08661,South,Business
C08662,East,Consumer
C08663,West,Business
C08664,North,Consumer
C08665,South,Business
C08666,East,Consumer
C08667,West,Business
C08668,North,Consumer
C08669,South,Business
C08670,East,Consumer
C08671,West,Business
C08672,North,Consumer
C08673,South,Business
C08674,East,Consumer
C08675,West,Business
C08676,North,Consumer
C08677,South,Business
C08678,East,Consumer
C08679,West,Business
C08680,North,Consumer
C08681,South,Business
C08682,East,Consumer
C08683,West,Business
C08684,North,Consumer
C08685,South,Business
C08686,East,Consumer
C08687,West,Business
C08688,North,Consumer
C08689,South,Business
C08690,East,Consumer
C08691,West,Business
C08692,North,Consumer
C08693,South,Business
C08694,East,Consumer
C08695,West,Business
C08696,North,Consumer
C08697,South,Business
C08698,East,Consumer
C08699,West,Business
C08700,North,Consumer
C08701,South,Business
C08702,East,Consumer
C08703,West,Business
C08704,North,Consumer
C08705,South,Business
C08706,East,Consumer
C08707,West,Business
C08708,North,Consumer
C08709,South,Business
C08710,East,Consumer
C08711,West,Business
C08712,North,Consumer
C08713,South,Business
C08714,East,Consumer
C08715,West,Business
C08716,North,Consumer
C08717,South,Business
C08718,East,Consumer
C08719,West,Business
C08720,North,Consumer
C08721,South,Business
C08722,East,Consumer
C08723,West,Business
C08724,North,Consumer
C08725,South,Business
C08726,East,Consumer
C08727,West,Business
C08728,North,Consumer
C08729,South,Business
C08730,East,Consumer
C08731,West,Business
C08732,North,Consumer
C08733,South,Business
C08734,East,Consumer
C08735,West,Business
C08736,North,Consumer
C08737,South,Business
C08738,East,Consumer
C08739,West,Business
C08740,North,Consumer
C08741,South,Business
C08742,East,Consumer
C08743,West,Business
C08744,North,Consumer
C08745,South,Business
C08746,East,Consumer
C08747,West,Business
C08748,North,Consumer
C08749,South,Business
C08750,East,Consumer
C08751,West,Business
C08752,North,Consumer
C08753,South,Business
C08754,East,Consumer
C08755,West,Business
C08756,North,Consumer
C08757,South,Business
C08758,East,Consumer
C08759,West,Business
C08760,North,Consumer
C08761,South,Business
C08762,East,Consumer
C08763,West,Business
C08764,North,Consumer
C08765,South,Business
C08766,East,Consumer
C08767,West,Business
C08768,North,Consumer
C08769,South,Business
C08770,East,Consumer
C08771,West,Business
C08772,North,Consumer
C08773,South,Business
C08774,East,Consumer
C08775,West,Business
C08776,North,Consumer
C08777,South,Business
C08778,East,Consumer
C08779,West,Business
C08780,North,Consumer
C08781,South,Business
C08782,East,Consumer
C08783,West,Business
C08784,North,Consumer
C08785,South,Business
C08786,East,Consumer
C08787,West,Business
C08788,North,Consumer
C08789,South,Business
C08790,East,Consumer
C08791,West,Business
C08792,North,Consumer
C08793,South,Business
C08794,East,Consumer
C08795,West,Business
C08796,North,Consumer
C08797,South,Business
C08798,East,Consumer
C08799,West,Business
C08800,North,Consumer
C08801,South,Business
C08802,East,Consumer
C08803,West,Business
C08804,North,Consumer
C08805,South,Business
C08806,East,Consumer
C08807,West,Business
C08808,North,Consumer
C08809,South,Business
C08810,East,Consumer
C08811,West,Business
C08812,North,Consumer
C08813,South,Business
C08814,East,Consumer
C08815,West,Business
C08816,North,Consumer
C08817,South,Business
C08818,East,Consumer
C08819,West,Business
C08820,North,Consumer
C08821,South,Business
C08822,East,Consumer
C08823,West,Business
C08824,North,Consumer
C08825,South,Business
C08826,East,Consumer
C08827,West,Business
C08828,North,Consumer
C08829,South,Business
C08830,East,Consumer
C08831,West,Business
C08832,North,Consumer
C08833,South,Business
C08834,East,Consumer
C08835,West,Business
C08836,North,Consumer
C08837,South,Business
C08838,East,Consumer
C08839,West,Business
C08840,North,Consumer
C08841,South,Business
C08842,East,Consumer
C08843,West,Business
C08844,North,Consumer
C08845,South,Business
C08846,East,Consumer
C08847,West,Business
C08848,North,Consumer
C08849,South,Business
C08850,East,Consumer
C08851,West,Business
C08852,North,Consumer
C08853,South,Business
C08854,East,Consumer
C08855,West,Business
C08856,North,Consumer
C08857,South,Business
C08858,East,Consumer
C08859,West,Business
C08860,North,Consumer
C08861,South,Business
C08862,East,Consumer
C08863,West,Business
C08864,North,Consumer
C08865,South,Business
C08866,East,Consumer
C08867,West,Business
C08868,North,Consumer
C08869,South,Business
C08870,East,Consumer
C08871,West,Business
C08872,North,Consumer
C08873,South,Business
C08874,East,Consumer
C08875,West,Business
C08876,North,Consumer
C08877,South,Business
C08878,East,Consumer
C08879,West,Business
C08880,North,Consumer
C08881,South,Business
C08882,East,Consumer
C08883,West,Business
C08884,North,Consumer
C08885,South,Business
C08886,East,Consumer
C08887,West,Business
C08888,North,Consumer
C08889,South,Business
C08890,East,Consumer
C08891,West,Business
C08892,North,Consumer
C08893,South,Business
C08894,East,Consumer
C08895,West,Business
C08896,North,Consumer
C08897,South,Business
C08898,East,Consumer
C08899,West,Business
C08900,North,Consumer
C08901,South,Business
C08902,East,Consumer
C08903,West,Business
C08904,North,Consumer
C08905,South,Business
C08906,East,Consumer
C08907,West,Business
C08908,North,Consumer
C08909,South,Business
C08910,East,Consumer
C08911,West,Business
C08912,North,Consumer
C08913,South,Business
C08914,East,Consumer
C08915,West,Business
C08916,North,Consumer
C08917,South,Business
C08918,East,Consumer
C08919,West,Business
C08920,North,Consumer
C08921,South,Business
C08922,East,Consumer
C08923,West,Business
C08924,North,Consumer
C08925,South,Business
C08926,East,Consumer
C08927,West,Business
C08928,North,Consumer
C08929,South,Business
C08930,East,Consumer
C08931,West,Business
C08932,North,Consumer
C08933,South,Business
C08934,East,Consumer
C08935,West,Business
C08936,North,Consumer
C08937,South,Business
C08938,East,Consumer
C08939,West,Business
C08940,North,Consumer
C08941,South,Business
C08942,East,Consumer
C08943,West,Business
C08944,North,Consumer
C08945,South,Business
C08946,East,Consumer
C08947,West,Business
C08948,North,Consumer
C08949,South,Business
C08950,East,Consumer
C08951,West,Business
C08952,North,Consumer
C08953,South,Business
C08954,East,Consumer
C08955,West,Business
C08956,North,Consumer
C08957,South,Business
C08958,East,Consumer
C08959,West,Business
C08960,North,Consumer
C08961,South,Business
C08962,East,Consumer
C08963,West,Business
C08964,North,Consumer
C08965,South,Business
C08966,East,Consumer
C08967,West,Business
C08968,North,Consumer
C08969,South,Business
C08970,East,Consumer
C08971,West,Business
C08972,North,Consumer
C08973,South,Business
C08974,East,Consumer
C08975,West,Business
C08976,North,Consumer
C08977,South,Business
C08978,East,Consumer
C08979,West,Business
C08980,North,Consumer
C08981,South,Business
C08982,East,Consumer
C08983,West,Business
C08984,North,Consumer
C08985,South,Business
C08986,East,Consumer
C08987,West,Business
C08988,North,Consumer
C08989,South,Business
C08990,East,Consumer
C08991,West,Business
C08992,North,Consumer
C08993,South,Business
C08994,East,Consumer
C08995,West,Business
C08996,North,Consumer
C08997,South,Business
C08998,East,Consumer
C08999,West,Business
C09000,North,Consumer
C09001,South,Business
C09002,East,Consumer
C09003,West,Business
C09004,North,Consumer
C09005,South,Business
C09006,East,Consumer
C09007,West,Business
C09008,North,Consumer
C09009,South,Business
C09010,East,Consumer
C09011,West,Business
C09012,North,Consumer
C09013,South,Business
C09014,East,Consumer
C09015,West,Business
C09016,North,Consumer
C09017,South,Business
C09018,East,Consumer
C09019,West,Business
C09020,North,Consumer
C09021,South,Business
C09022,East,Consumer
C09023,West,Business
C09024,North,Consumer
C09025,South,Business
C09026,East,Consumer
C09027,West,Business
C09028,North,Consumer
C09029,South,Business
C09030,East,Consumer
C09031,West,Business
C09032,North,Consumer
C09033,South,Business
C09034,East,Consumer
C09035,West,Business
C09036,North,Consumer
C09037,South,Business
C09038,East,Consumer
C09039,West,Business
C09040,North,Consumer
C09041,South,Business
C09042,East,Consumer
C09043,West,Business
C09044,North,Consumer
C09045,South,Business
C09046,East,Consumer
C09047,West,Business
C09048,North,Consumer
C09049,South,Business
C09050,East,Consumer
C09051,West,Business
C09052,North,Consumer
C09053,South,Business
C09054,East,Consumer
C09055,West,Business
C09056,North,Consumer
C09057,South,Business
C09058,East,Consumer
C09059,West,Business
C09060,North,Consumer
C09061,South,Business
C09062,East,Consumer
C09063,West,Business
C09064,North,Consumer
C09065,South,Business
C09066,East,Consumer
C09067,West,Business
C09068,North,Consumer
C09069,South,Business
C09070,East,Consumer
C09071,West,Business
C09072,North,Consumer
C09073,South,Business
C09074,East,Consumer
C09075,West,Business
C09076,North,Consumer
C09077,South,Business
C09078,East,Consumer
C09079,West,Business
C09080,North,Consumer
C09081,South,Business
C09082,East,Consumer
C09083,West,Business
C09084,North,Consumer
C09085,South,Business
C09086,East,Consumer
C09087,West,Business
C09088,North,Consumer
C09089,South,Business
C09090,East,Consumer
C09091,West,Business
C09092,North,Consumer
C09093,South,Business
C09094,East,Consumer
C09095,West,Business
C09096,North,Consumer
C09097,South,Business
C09098,East,Consumer
C09099,West,Business
C09100,North,Consumer
C09101,South,Business
C09102,East,Consumer
C09103,West,Business
C09104,North,Consumer
C09105,South,Business
C09106,East,Consumer
C09107,West,Business
C09108,North,Consumer
C09109,South,Business
C09110,East,Consumer
C09111,West,Business
C09112,North,Consumer
C09113,South,Business
C09114,East,Consumer
C09115,West,Business
C09116,North,Consumer
C09117,South,Business
C09118,East,Consumer
C09119,West,Business
C09120,North,Consumer
C09121,South,Business
C09122,East,Consumer
C09123,West,Business
C09124,North,Consumer
C09125,South,Business
C09126,East,Consumer
C09127,West,Business
C09128,North,Consumer
C09129,South,Business
C09130,East,Consumer
C09131,West,Business
C09132,North,Consumer
C09133,South,Business
C09134,East,Consumer
C09135,West,Business
C09136,North,Consumer
C09137,South,Business
C09138,East,Consumer
C09139,West,Business
C09140,North,Consumer
C09141,South,Business
C09142,East,Consumer
C09143,West,Business
C09144,North,Consumer
C09145,South,Business
C09146,East,Consumer
C09147,West,Business
C09148,North,Consumer
C09149,South,Business
C09150,East,Consumer
C09151,West,Business
C09152,North,Consumer
C09153,South,Business
C09154,East,Consumer
C09155,West,Business
C09156,North,Consumer
C09157,South,Business
C09158,East,Consumer
C09159,West,Business
C09160,North,Consumer
C09161,South,Business
C09162,East,Consumer
C09163,West,Business
C09164,North,Consumer
C09165,South,Business
C09166,East,Consumer
C09167,West,Business
C09168,North,Consumer
C09169,South,Business
C09170,East,Consumer
C09171,West,Business
C09172,North,Consumer
C09173,South,Business
C09174,East,Consumer
C09175,West,Business
C09176,North,Consumer
C09177,South,Business
C09178,East,Consumer
C09179,West,Business
C09180,North,Consumer
C09181,South,Business
C09182,East,Consumer
C09183,West,Business
C09184,North,Consumer
C09185,South,Business
C09186,East,Consumer
C09187,West,Business
C09188,North,Consumer
C09189,South,Business
C09190,East,Consumer
C09191,West,Business
C09192,North,Consumer
C09193,South,Business
C09194,East,Consumer
C09195,West,Business
C09196,North,Consumer
C09197,South,Business
C09198,East,Consumer
C09199,West,Business
C09200,North,Consumer
C09201,South,Business
C09202,East,Consumer
C09203,West,Business
C09204,North,Consumer
C09205,South,Business
C09206,East,Consumer
C09207,West,Business
C09208,North,Consumer
C09209,South,Business
C09210,East,Consumer
C09211,West,Business
C09212,North,Consumer
C09213,South,Business
C09214,East,Consumer
C09215,West,Business
C09216,North,Consumer
C09217,South,Business
C09218,East,Consumer
C09219,West,Business
C09220,North,Consumer
C09221,South,Business
C09222,East,Consumer
C09223,West,Business
C09224,North,Consumer
C09225,South,Business
C09226,East,Consumer
C09227,West,Business
C09228,North,Consumer
C09229,South,Business
C09230,East,Consumer
C09231,West,Business
C09232,North,Consumer
C09233,South,Business
C09234,East,Consumer
C09235,West,Business
C09236,North,Consumer
C09237,South,Business
C09238,East,Consumer
C09239,West,Business
C09240,North,Consumer
C09241,South,Business
C09242,East,Consumer
C09243,West,Business
C09244,North,Consumer
C09245,South,Business
C09246,East,Consumer
C09247,West,Business
C09248,North,Consumer
C09249,South,Business
C09250,East,Consumer
C09251,West,Business
C09252,North,Consumer
C09253,South,Business
C09254,East,Consumer
C09255,West,Business
C09256,North,Consumer
C09257,South,Business
C09258,East,Consumer
C09259,West,Business
C09260,North,Consumer
C09261,South,Business
C09262,East,Consumer
C09263,West,Business
C09264,North,Consumer
C09265,South,Business
C09266,East,Consumer
C09267,West,Business
C09268,North,Consumer
C09269,South,Business
C09270,East,Consumer
C09271,West,Business
C09272,North,Consumer
C09273,South,Business
C09274,East,Consumer
C09275,West,Business
C09276,North,Consumer
C09277,South,Business
C09278,East,Consumer
C09279,West,Business
C09280,North,Consumer
C09281,South,Business
C09282,East,Consumer
C09283,West,Business
C09284,North,Consumer
C09285,South,Business
C09286,East,Consumer
C09287,West,Business
C09288,North,Consumer
C09289,South,Business
C09290,East,Consumer
C09291,West,Business
C09292,North,Consumer
C09293,South,Business
C09294,East,Consumer
C09295,West,Business
C09296,North,Consumer
C09297,South,Business
C09298,East,Consumer
C09299,West,Business
C09300,North,Consumer
C09301,South,Business
C09302,East,Consumer
C09303,West,Business
C09304,North,Consumer
C09305,South,Business
C09306,East,Consumer
C09307,West,Business
C09308,North,Consumer
C09309,South,Business
C09310,East,Consumer
C09311,West,Business
C09312,North,Consumer
C09313,South,Business
C09314,East,Consumer
C09315,West,Business
C09316,North,Consumer
C09317,South,Business
C09318,East,Consumer
C09319,West,Business
C09320,North,Consumer
C09321,South,Business
C09322,East,Consumer
C09323,West,Business
C09324,North,Consumer
C09325,South,Business
C09326,East,Consumer
C09327,West,Business
C09328,North,Consumer
C09329,South,Business
C09330,East,Consumer
C09331,West,Business
C09332,North,Consumer
C09333,South,Business
C09334,East,Consumer
C09335,West,Business
C09336,North,Consumer
C09337,South,Business
C09338,East,Consumer
C09339,West,Business
C09340,North,Consumer
C09341,South,Business
C09342,East,Consumer
C09343,West,Business
C09344,North,Consumer
C09345,South,Business
C09346,East,Consumer
C09347,West,Business
C09348,North,Consumer
C09349,South,Business
C09350,East,Consumer
C09351,West,Business
C09352,North,Consumer
C09353,South,Business
C09354,East,Consumer
C09355,West,Business
C09356,North,Consumer
C09357,South,Business
C09358,East,Consumer
C09359,West,Business
C09360,North,Consumer
C09361,South,Business
C09362,East,Consumer
C09363,West,Business
C09364,North,Consumer
C09365,South,Business
C09366,East,Consumer
C09367,West,Business
C09368,North,Consumer
C09369,South,Business
C09370,East,Consumer
C09371,West,Business
C09372,North,Consumer
C09373,South,Business
C09374,East,Consumer
C09375,West,Business
C09376,North,Consumer
C09377,South,Business
C09378,East,Consumer
C09379,West,Business
C09380,North,Consumer
C09381,South,Business
C09382,East,Consumer
C09383,West,Business
C09384,North,Consumer
C09385,South,Business
C09386,East,Consumer
C09387,West,Business
C09388,North,Consumer
C09389,South,Business
C09390,East,Consumer
C09391,West,Business
C09392,North,Consumer
C09393,South,Business
C09394,East,Consumer
C09395,West,Business
C09396,North,Consumer
C09397,South,Business
C09398,East,Consumer
C09399,West,Business
C09400,North,Consumer
C09401,South,Business
C09402,East,Consumer
C09403,West,Business
C09404,North,Consumer
C09405,South,Business
C09406,East,Consumer
C09407,West,Business
C09408,North,Consumer
C09409,South,Business
C09410,East,Consumer
C09411,West,Business
C09412,North,Consumer
C09413,South,Business
C09414,East,Consumer
C09415,West,Business
C09416,North,Consumer
C09417,South,Business
C09418,East,Consumer
C09419,West,Business
C09420,North,Consumer
C09421,South,Business
C09422,East,Consumer
C09423,West,Business
C09424,North,Consumer
C09425,South,Business
C09426,East,Consumer
C09427,West,Business
C09428,North,Consumer
C09429,South,Business
C09430,East,Consumer
C09431,West,Business
C09432,North,Consumer
C09433,South,Business
C09434,East,Consumer
C09435,West,Business
C09436,North,Consumer
C09437,South,Business
C09438,East,Consumer
C09439,West,Business
C09440,North,Consumer
C09441,South,Business
C09442,East,Consumer
C09443,West,Business
C09444,North,Consumer
C09445,South,Business
C09446,East,Consumer
C09447,West,Business
C09448,North,Consumer
C09449,South,Business
C09450,East,Consumer
C09451,West,Business
C09452,North,Consumer
C09453,South,Business
C09454,East,Consumer
C09455,West,Business
C09456,North,Consumer
C09457,South,Business
C09458,East,Consumer
C09459,West,Business
C09460,North,Consumer
C09461,South,Business
C09462,East,Consumer
C09463,West,Business
C09464,North,Consumer
C09465,South,Business
C09466,East,Consumer
C09467,West,Business
C09468,North,Consumer
C09469,South,Business
C09470,East,Consumer
C09471,West,Business
C09472,North,Consumer
C09473,South,Business
C09474,East,Consumer
C09475,West,Business
C09476,North,Consumer
C09477,South,Business
C09478,East,Consumer
C09479,West,Business
C09480,North,Consumer
C09481,South,Business
C09482,East,Consumer
C09483,West,Business
C09484,North,Consumer
C09485,South,Business
C09486,East,Consumer
C09487,West,Business
C09488,North,Consumer
C09489,South,Business
C09490,East,Consumer
C09491,West,Business
C09492,North,Consumer
C09493,South,Business
C09494,East,Consumer
C09495,West,Business
C09496,North,Consumer
C09497,South,Business
C09498,East,Consumer
C09499,West,Business
C09500,North,Consumer
C09501,South,Business
C09502,East,Consumer
C09503,West,Business
C09504,North,Consumer
C09505,South,Business
C09506,East,Consumer
C09507,West,Business
C09508,North,Consumer
C09509,South,Business
C09510,East,Consumer
C09511,West,Business
C09512,North,Consumer
C09513,South,Business
C09514,East,Consumer
C09515,West,Business
C09516,North,Consumer
C09517,South,Business
C09518,East,Consumer
C09519,West,Business
C09520,North,Consumer
C09521,South,Business
C09522,East,Consumer
C09523,West,Business
C09524,North,Consumer
C09525,South,Business
C09526,East,Consumer
C09527,West,Business
C09528,North,Consumer
C09529,South,Business
C09530,East,Consumer
C09531,West,Business
C09532,North,Consumer
C09533,South,Business
C09534,East,Consumer
C09535,West,Business
C09536,North,Consumer
C09537,South,Business
C09538,East,Consumer
C09539,West,Business
C09540,North,Consumer
C09541,South,Business
C09542,East,Consumer
C09543,West,Business
C09544,North,Consumer
C09545,South,Business
C09546,East,Consumer
C09547,West,Business
C09548,North,Consumer
C09549,South,Business
C09550,East,Consumer
C09551,West,Business
C09552,North,Consumer
C09553,South,Business
C09554,East,Consumer
C09555,West,Business
C09556,North,Consumer
C09557,South,Business
C09558,East,Consumer
C09559,West,Business
C09560,North,Consumer
C09561,South,Business
C09562,East,Consumer
C09563,West,Business
C09564,North,Consumer
C09565,South,Business
C09566,East,Consumer
C09567,West,Business
C09568,North,Consumer
C09569,South,Business
C09570,East,Consumer
C09571,West,Business
C09572,North,Consumer
C09573,South,Business
C09574,East,Consumer
C09575,West,Business
C09576,North,Consumer
C09577,South,Business
C09578,East,Consumer
C09579,West,Business
C09580,North,Consumer
C09581,South,Business
C09582,East,Consumer
C09583,West,Business
C09584,North,Consumer
C09585,South,Business
C09586,East,Consumer
C09587,West,Business
C09588,North,Consumer
C09589,South,Business
C09590,East,Consumer
C09591,West,Business
C09592,North,Consumer
C09593,South,Business
C09594,East,Consumer
C09595,West,Business
C09596,North,Consumer
C09597,South,Business
C09598,East,Consumer
C09599,West,Business
C09600,North,Consumer
C09601,South,Business
C09602,East,Consumer
C09603,West,Business
C09604,North,Consumer
C09605,South,Business
C09606,East,Consumer
C09607,West,Business
C09608,North,Consumer
C09609,South,Business
C09610,East,Consumer
C09611,West,Business
C09612,North,Consumer
C09613,South,Business
C09614,East,Consumer
C09615,West,Business
C09616,North,Consumer
C09617,South,Business
C09618,East,Consumer
C09619,West,Business
C09620,North,Consumer
C09621,South,Business
C09622,East,Consumer
C09623,West,Business
C09624,North,Consumer
C09625,South,Business
C09626,East,Consumer
C09627,West,Business
C09628,North,Consumer
C09629,South,Business
C09630,East,Consumer
C09631,West,Business
C09632,North,Consumer
C09633,South,Business
C09634,East,Consumer
C09635,West,Business
C09636,North,Consumer
C09637,South,Business
C09638,East,Consumer
C09639,West,Business
C09640,North,Consumer
C09641,South,Business
C09642,East,Consumer
C09643,West,Business
C09644,North,Consumer
C09645,South,Business
C09646,East,Consumer
C09647,West,Business
C09648,North,Consumer
C09649,South,Business
C09650,East,Consumer
C09651,West,Business
C09652,North,Consumer
C09653,South,Business
C09654,East,Consumer
C09655,West,Business
C09656,North,Consumer
C09657,South,Business
C09658,East,Consumer
C09659,West,Business
C09660,North,Consumer
C09661,South,Business
C09662,East,Consumer
C09663,West,Business
C09664,North,Consumer
C09665,South,Business
C09666,East,Consumer
C09667,West,Business
C09668,North,Consumer
C09669,South,Business
C09670,East,Consumer
C09671,West,Business
C09672,North,Consumer
C09673,South,Business
C09674,East,Consumer
C09675,West,Business
C09676,North,Consumer
C09677,South,Business
C09678,East,Consumer
C09679,West,Business
C09680,North,Consumer
C09681,South,Business
C09682,East,Consumer
C09683,West,Business
C09684,North,Consumer
C09685,South,Business
C09686,East,Consumer
C09687,West,Business
C09688,North,Consumer
C09689,South,Business
C09690,East,Consumer
C09691,West,Business
C09692,North,Consumer
C09693,South,Business
C09694,East,Consumer
C09695,West,Business
C09696,North,Consumer
C09697,South,Business
C09698,East,Consumer
C09699,West,Business
C09700,North,Consumer
C09701,South,Business
C09702,East,Consumer
C09703,West,Business
C09704,North,Consumer
C09705,South,Business
C09706,East,Consumer
C09707,West,Business
C09708,North,Consumer
C09709,South,Business
C09710,East,Consumer
C09711,West,Business
C09712,North,Consumer
C09713,South,Business
C09714,East,Consumer
C09715,West,Business
C09716,North,Consumer
C09717,South,Business
C09718,East,Consumer
C09719,West,Business
C09720,North,Consumer
C09721,South,Business
C09722,East,Consumer
C09723,West,Business
C09724,North,Consumer
C09725,South,Business
C09726,East,Consumer
C09727,West,Business
C09728,North,Consumer
C09729,South,Business
C09730,East,Consumer
C09731,West,Business
C09732,North,Consumer
C09733,South,Business
C09734,East,Consumer
C09735,West,Business
C09736,North,Consumer
C09737,South,Business
C09738,East,Consumer
C09739,West,Business
C09740,North,Consumer
C09741,South,Business
C09742,East,Consumer
C09743,West,Business
C09744,North,Consumer
C09745,South,Business
C09746,East,Consumer
C09747,West,Business
C09748,North,Consumer
C09749,South,Business
C09750,East,Consumer
C09751,West,Business
C09752,North,Consumer
C09753,South,Business
C09754,East,Consumer
C09755,West,Business
C09756,North,Consumer
C09757,South,Business
C09758,East,Consumer
C09759,West,Business
C09760,North,Consumer
C09761,South,Business
C09762,East,Consumer
C09763,West,Business
C09764,North,Consumer
C09765,South,Business
C09766,East,Consumer
C09767,West,Business
C09768,North,Consumer
C09769,South,Business
C09770,East,Consumer
C09771,West,Business
C09772,North,Consumer
C09773,South,Business
C09774,East,Consumer
C09775,West,Business
C09776,North,Consumer
C09777,South,Business
C09778,East,Consumer
C09779,West,Business
C09780,North,Consumer
C09781,South,Business
C09782,East,Consumer
C09783,West,Business
C09784,North,Consumer
C09785,South,Business
C09786,East,Consumer
C09787,West,Business
C09788,North,Consumer
C09789,South,Business
C09790,East,Consumer
C09791,West,Business
C09792,North,Consumer
C09793,South,Business
C09794,East,Consumer
C09795,West,Business
C09796,North,Consumer
C09797,South,Business
C09798,East,Consumer
C09799,West,Business
C09800,North,Consumer
C09801,South,Business
C09802,East,Consumer
C09803,West,Business
C09804,North,Consumer
C09805,South,Business
C09806,East,Consumer
C09807,West,Business
C09808,North,Consumer
C09809,South,Business
C09810,East,Consumer
C09811,West,Business
C09812,North,Consumer
C09813,South,Business
C09814,East,Consumer
C09815,West,Business
C09816,North,Consumer
C09817,South,Business
C09818,East,Consumer
C09819,West,Business
C09820,North,Consumer
C09821,South,Business
C09822,East,Consumer
C09823,West,Business
C09824,North,Consumer
C09825,South,Business
C09826,East,Consumer
C09827,West,Business
C09828,North,Consumer
C09829,South,Business
C09830,East,Consumer
C09831,West,Business
C09832,North,Consumer
C09833,South,Business
C09834,East,Consumer
C09835,West,Business
C09836,North,Consumer
C09837,South,Business
C09838,East,Consumer
C09839,West,Business
C09840,North,Consumer
C09841,South,Business
C09842,East,Consumer
C09843,West,Business
C09844,North,Consumer
C09845,South,Business
C09846,East,Consumer
C09847,West,Business
C09848,North,Consumer
C09849,South,Business
C09850,East,Consumer
C09851,West,Business
C09852,North,Consumer
C09853,South,Business
C09854,East,Consumer
C09855,West,Business
C09856,North,Consumer
C09857,South,Business
C09858,East,Consumer
C09859,West,Business
C09860,North,Consumer
C09861,South,Business
C09862,East,Consumer
C09863,West,Business
C09864,North,Consumer
C09865,South,Business
C09866,East,Consumer
C09867,West,Business
C09868,North,Consumer
C09869,South,Business
C09870,East,Consumer
C09871,West,Business
C09872,North,Consumer
C09873,South,Business
C09874,East,Consumer
C09875,West,Business
C09876,North,Consumer
C09877,South,Business
C09878,East,Consumer
C09879,West,Business
C09880,North,Consumer
C09881,South,Business
C09882,East,Consumer
C09883,West,Business
C09884,North,Consumer
C09885,South,Business
C09886,East,Consumer
C09887,West,Business
C09888,North,Consumer
C09889,South,Business
C09890,East,Consumer
C09891,West,Business
C09892,North,Consumer
C09893,South,Business
C09894,East,Consumer
C09895,West,Business
C09896,North,Consumer
C09897,South,Business
C09898,East,Consumer
C09899,West,Business
C09900,North,Consumer
C09901,South,Business
C09902,East,Consumer
C09903,West,Business
C09904,North,Consumer
C09905,South,Business
C09906,East,Consumer
C09907,West,Business
C09908,North,Consumer
C09909,South,Business
C09910,East,Consumer
C09911,West,Business
C09912,North,Consumer
C09913,South,Business
C09914,East,Consumer
C09915,West,Business
C09916,North,Consumer
C09917,South,Business
C09918,East,Consumer
C09919,West,Business
C09920,North,Consumer
C09921,South,Business
C09922,East,Consumer
C09923,West,Business
C09924,North,Consumer
C09925,South,Business
C09926,East,Consumer
C09927,West,Business
C09928,North,Consumer
C09929,South,Business
C09930,East,Consumer
C09931,West,Business
C09932,North,Consumer
C09933,South,Business
C09934,East,Consumer
C09935,West,Business
C09936,North,Consumer
C09937,South,Business
C09938,East,Consumer
C09939,West,Business
C09940,North,Consumer
C09941,South,Business
C09942,East,Consumer
C09943,West,Business
C09944,North,Consumer
C09945,South,Business
C09946,East,Consumer
C09947,West,Business
C09948,North,Consumer
C09949,South,Business
C09950,East,Consumer
C09951,West,Business
C09952,North,Consumer
C09953,South,Business
C09954,East,Consumer
C09955,West,Business
C09956,North,Consumer
C09957,South,Business
C09958,East,Consumer
C09959,West,Business
C09960,North,Consumer
C09961,South,Business
C09962,East,Consumer
C09963,West,Business
C09964,North,Consumer
C09965,South,Business
C09966,East,Consumer
C09967,West,Business
C09968,North,Consumer
C09969,South,Business
C09970,East,Consumer
C09971,West,Business
C09972,North,Consumer
C09973,South,Business
C09974,East,Consumer
C09975,West,Business
C09976,North,Consumer
C09977,South,Business
C09978,East,Consumer
C09979,West,Business
C09980,North,Consumer
C09981,South,Business
C09982,East,Consumer
C09983,West,Business
C09984,North,Consumer
C09985,South,Business
C09986,East,Consumer
C09987,West,Business
C09988,North,Consumer
C09989,South,Business
C09990,East,Consumer
C09991,West,Business
C09992,North,Consumer
C09993,South,Business
C09994,East,Consumer
C09995,West,Business
C09996,North,Consumer
C09997,South,Business
C09998,East,Consumer
C09999,West,Business
C10000,North,Consumer
